source_id,ra,dec,pmra,pmra_error,pmdec,pmdec_error,parallax,parallax_error,phot_g_mean_mag,phot_bp_mean_mag,phot_rp_mean_mag,bp_rp,ruwe,phot_bp_rp_excess_factor,nu_eff_used_in_astrometry,pseudocolour,ecl_lat,astrometric_params_solved,pmra_pmdec_corr,parallax_pmra_corr,parallax_pmdec_corr,phot_quality_ok,parallax_corrected,P_memb_3D
457915673507144064,39.094671019247194,57.55241602018176,-0.21108608450959865,0.01349303,-1.131933565108773,0.013974497,0.4169461110636472,0.015696175,13.926045,14.320102,13.345904,0.9741974,1.0651715,1.2227215,1.5220534,,39.766826154581324,31,-0.064429864,0.052843306,0.08003213,True,0.4513391110636472,0.9060193216556273
457815686668965760,38.80695167690322,57.2369005546496,-0.24460270999974262,0.0789486,-0.9082925819166814,0.09396158,0.3374552584367105,0.10281741,17.488064,18.263193,16.632423,1.6307697,1.0889868,1.2808499,1.3919358,,39.54019097908014,31,-0.18211792,0.1604468,-0.13413715,True,0.36868125843671046,0.9139986192680222
457912439394289536,39.02836994371606,57.42026402398193,-0.27785226242657934,0.034727816,-1.127181766816247,0.03776476,0.5013906112418294,0.04268157,16.174961,16.712234,15.466879,1.2453556,0.9949835,1.2502016,1.4640383,,39.660102746310244,31,-0.04687272,0.12107847,0.009361586,True,0.5301916112418293,0.9391069302027296
457809123958996096,38.73036720307482,57.151932169872886,-0.25211902468430203,0.026327802,-0.7954901555615942,0.02847709,0.3039997600811602,0.030800603,15.468416,16.204021,14.623888,1.5801334,0.97405785,1.2845912,1.4058253,,39.47906948147502,31,-0.026864838,0.124357335,-0.026765183,True,0.3391737600811602,0.9300852512077925
457912856009998208,38.880828013889236,57.39930715301398,-0.248535626850026,0.041617088,-1.1426070892712583,0.045311633,0.3964204964552688,0.054132905,16.4102,17.162868,15.570205,1.5926638,0.9933833,1.2750305,1.4024779,,39.672846951803926,31,-0.13854238,0.1259901,-0.029291593,True,0.42662149645526876,0.9249298986116667
457996590693422464,38.344512590197155,57.15476611001157,-0.3374173354988865,0.043940037,-1.0775784251201455,0.04519711,0.30628392812999766,0.05359211,16.707664,17.309332,15.888582,1.4207497,1.0023035,1.3117257,1.4354154,,39.56607959920347,31,-0.06120792,0.16344576,0.017320212,True,0.33576592812999767,0.9023241570984308
457815544926683904,38.79210178830725,57.21368896480045,-0.28616711218711377,0.016329946,-0.8548457014237839,0.02017908,0.3756538590181506,0.02151367,14.413692,14.808633,13.826048,0.98258495,1.0595651,1.2272924,1.5200567,,39.52216795986761,31,-0.10455987,0.13555866,-0.15554853,True,0.40981585901815065,0.954080982628325
457921617741865984,39.12722643566925,57.584046777396935,-0.2657743803938082,0.033917844,-0.8090070205833382,0.03346155,0.1781114606298716,0.03860701,15.914274,16.904425,14.912838,1.9915867,1.1059245,1.3500793,1.3418355,,39.788782297322,31,-0.06347359,-0.01020084,0.032234043,True,0.2161304606298716,0.9189994364834726
457972882473047680,38.29938177720624,57.089729738398496,-0.2851164111496865,0.010341468,-1.1852106789166887,0.010410694,0.4582317813626817,0.012679675,12.568531,12.841301,12.12798,0.71332073,1.0198337,1.1956929,1.5824058,,39.516520603319734,31,-0.112042904,0.16236341,-0.0045662015,True,0.48167778136268175,0.9247384244328496
457915123751355008,39.04090940119827,57.505060572916044,-0.24617108922649877,0.022036111,-1.1632706585136965,0.022291154,0.4248307811792612,0.02743695,15.129427,15.543669,14.524877,1.0187922,1.0690088,1.2297583,1.5096977,,39.73505346297494,31,-0.04572081,0.11140797,0.068369284,True,0.4585457811792612,0.927290226876612
457921755180804352,39.168615457756225,57.61381237361507,-0.28283728093903704,0.046623155,-1.178466671158439,0.047601655,0.4040378036433411,0.055038903,16.616169,17.421618,15.747436,1.6741819,1.0335248,1.2822989,1.3903664,,39.80713853434224,31,-0.08187947,-0.041775692,-0.009151024,True,0.43481980364334105,0.9067331610886071
457993807553597184,37.90957245431371,57.33337947219639,-0.2427380550584538,0.059286926,-1.158867006088796,0.060338717,0.4051756053577093,0.06609055,17.121042,17.853428,16.28991,1.5635185,1.0198351,1.274451,1.4139766,,39.82495655197992,31,-0.029354606,0.057560496,0.12042922,True,0.4353866053577093,0.9027704087538736
457976451583051136,38.1275188453448,57.113473888412116,-0.2567066318476374,0.06136525,-1.0370422821460274,0.061907876,0.4772446796981632,0.0721457,17.221212,17.903631,16.423563,1.4800682,1.0007147,1.2643628,1.4208819,,39.57606159571368,31,0.06049555,0.24498667,0.06622446,True,0.5073256796981632,0.9411245929381659
457808986520060032,38.70107888873935,57.12614391735857,-0.2972597303507664,0.05981179,-1.0547700178300183,0.0668437,0.4475804995857592,0.07381987,17.125631,17.920658,16.246328,1.6743298,1.0184413,1.2947974,1.3841664,,39.46184683322449,31,-0.098538965,0.13102697,0.010761461,True,0.4789614995857592,0.9348360609370553
458004630872271360,38.65960828265808,57.30564106863109,-0.28551028595990957,0.044293612,-1.0980629616419515,0.0455146,0.42076096207114866,0.055497866,16.424963,17.13768,15.600446,1.5372343,1.0061551,1.275705,1.4115251,,39.63518855485987,31,-0.24621493,0.06526849,-0.057405278,True,0.45067896207114866,0.938553512578006
457976902562412672,38.13507834226082,57.13967053359716,-0.31282048044917843,0.091829784,-0.9219026961002617,0.09178077,0.43492250316016334,0.109556,17.971981,18.643276,17.183004,1.4602718,0.99329114,1.2613647,1.4258524,,39.59833602553517,31,0.035543926,0.2669962,0.09918784,True,0.46034450316016334,0.9105751310042177
457989993625875968,37.939958666725055,57.25125470296195,-0.32080016741929707,0.02037333,-1.1543727821893175,0.020601442,0.39852858489985565,0.02445223,14.969873,15.316915,14.439034,0.8778801,1.0202053,1.213162,,1.5428278,39.74328544520118,95,-0.021272384,0.18356408,0.03682275,True,0.43123558489985564,0.9046795596891519
457993085999126016,37.849593648032496,57.25337581989351,-0.2080924897992255,0.092446074,-1.0128619414800029,0.090579316,0.4725259474481297,0.104725614,17.836765,18.689606,16.942753,1.7468529,1.0537952,1.2896208,1.3851595,,39.76518043954016,31,0.04650597,0.15468569,0.076910265,True,0.5004379474481297,0.9076203934813325
457921102345783936,39.2311346300401,57.58374484403077,-0.2578486186494145,0.047183696,-1.1354220386420515,0.048620228,0.3665199511453542,0.05590915,16.754023,17.439058,15.946728,1.4923306,1.0220771,1.2712625,1.4198105,,39.766157583653616,31,-0.024259817,0.030699566,0.020639727,True,0.3963669511453542,0.9238518169473954
457923846821912960,39.22881003400485,57.684221008128695,-0.3189085413216848,0.011431085,-0.997194201415591,0.012036228,0.36340575069862374,0.013509035,13.638219,13.956411,13.138687,0.8177242,1.0232197,1.2078383,1.5580955,,39.85869517383063,31,-0.018664781,0.035968,0.05031355,True,0.39778375069862376,0.9448262571793785
458008135565540736,38.72874103805507,57.47707945609827,-0.30046313693973986,0.04129715,-0.985879964908764,0.045371953,0.4218114841873649,0.054491114,16.264471,16.782919,15.569497,1.2134218,1.1016797,1.248239,1.4707462,,39.77701313529741,31,-0.16052641,0.049821816,0.020600718,True,0.45055248418736493,0.9501662814269345
457994769626819840,37.80775332093917,57.347790528926815,-0.3065369283733916,0.012855827,-0.9368354537748721,0.013080123,0.20370968992699645,0.015959822,14.043061,15.1085825,13.021564,2.087019,1.0887676,1.3502839,1.3304237,,39.860581550848316,31,-0.08729864,0.11235082,-0.00073225424,True,0.24331268992699645,0.9432581910475306
457992604962787840,37.71110417549113,57.27274033236296,-0.25201029552621046,0.035481,-1.1304489976371785,0.03505967,0.38485730735808754,0.04098752,16.228777,16.76076,15.530791,1.2299681,0.9748649,1.2448825,1.4694523,,39.81349201762629,31,-0.043311276,0.1169713,-0.069238074,True,0.41359230735808755,0.9333918188783523
458003497000741120,38.32366136210715,57.337403816984065,-0.3458315316556775,0.01574437,-0.9810878499106288,0.015667854,0.4333576668001194,0.018946841,14.281146,14.692581,13.685416,1.007165,1.0587955,1.2250971,1.5155702,,39.737619483738975,31,-0.12924406,0.20230657,0.072266795,True,0.4675666668001194,0.9098657915816534
458011434100418816,38.65126736951019,57.52566343116425,-0.2885320304436455,0.013046124,-1.051763153986746,0.0144273285,0.41845708353501493,0.01814708,13.935825,14.325761,13.357216,0.96854496,1.056219,1.2236265,1.5251315,,39.83827563503079,31,-0.11305552,0.08685049,-0.029316157,True,0.45280208353501494,0.9589474402978836
457992158286222080,37.66580694047118,57.23238840917716,-0.2546025844096126,0.05147782,-1.0059164083229724,0.049123168,0.32638963284532,0.061548296,16.903627,17.509909,16.12716,1.3827496,1.0473639,1.2755092,1.4429865,,39.7867218154043,31,-0.04044641,0.22519653,-0.06597371,True,0.35579763284532,0.9430591758418313
457989100269480320,38.11053864639936,57.212272237540525,-0.28597806837964546,0.05462864,-1.133333288747176,0.05393516,0.4452447267531148,0.06612192,17.005701,17.751198,16.159327,1.5918713,0.99934393,1.2828093,1.4058927,,39.67007914528238,31,-0.004853622,0.242389,0.15767348,True,0.47566072675311477,0.921613327874693
458005455506061568,38.62871742342125,57.33400188576625,-0.24344097947337862,0.027899932,-1.1716262388928238,0.030059403,0.42428383577422585,0.03645932,15.598851,16.030132,14.982629,1.0475035,1.0723836,1.2299885,1.5033475,,39.66786834785901,31,-0.19595702,0.09410896,-0.05793144,True,0.45779483577422586,0.9197933204728983
458005657363930752,38.647375328838514,57.36216255525548,-0.2517873212149056,0.05952568,-1.0260355847428853,0.06587285,0.31380668150399377,0.07615394,17.08926,17.853136,16.226688,1.6264477,1.0279027,1.2904779,1.3944379,,39.68956832269356,31,-0.19179998,0.077489115,-0.072516195,True,0.34469868150399374,0.933424252593879
457993773193857792,37.93162918605393,57.337911679916964,-0.31648890605989,0.051966507,-1.0447645226731115,0.054969758,0.3692032357481273,0.06042997,16.882553,17.550137,16.083353,1.4667835,1.0758046,1.2709408,1.4234439,,39.82422933212895,31,-0.04777034,0.084264606,0.06317618,True,0.3990202357481273,0.9302605459122273
458008028181489024,38.72134212030813,57.46717731957855,-0.3179258958791794,0.051754087,-1.0851552653392962,0.05353486,0.28926059653096325,0.06406297,16.746223,17.429617,15.939336,1.4902811,1.0010338,1.2715155,1.4212407,,39.76956042853448,31,-0.26071978,0.08906403,0.016749678,True,0.3190655965309633,0.9126171752366175
458008719680938752,38.54830220004542,57.355231984164625,-0.23001108259218195,0.05821707,-1.0601399776492302,0.0652112,0.4777728522883713,0.074764304,17.049442,17.775906,16.222645,1.5532608,1.0430515,1.2728642,1.4071832,,39.70481962364773,31,-0.07729821,0.079312995,0.017995678,True,0.5081678522883712,0.9325127881201457
458005764743443072,38.560127371234174,57.348542615783046,-0.24122087634421718,0.061224524,-0.958695172970867,0.06464785,0.38435306615370735,0.076899916,17.126492,17.842144,16.302952,1.5391922,1.0415976,1.2738801,1.4089187,,39.69612213818408,31,-0.21433802,0.059665177,-0.03909277,True,0.41473406615370734,0.9379398848225803
458016656780452224,38.241409408630126,57.46142348559965,-0.2187147201978203,0.038206846,-1.1135374944918568,0.040645685,0.34782891122231124,0.04625511,16.266298,16.823633,15.547054,1.2765789,1.0282574,1.2504576,1.4578003,,39.86894515859744,31,-0.12865023,0.085281886,0.15800749,True,0.37670591122231123,0.9160057071168654
458017756292135680,38.06347623316129,57.41045691232404,-0.27098466625506007,0.02639798,-1.0754360726296741,0.027702482,0.4027565851886052,0.030251395,15.471327,15.909031,14.855971,1.0530596,1.0175178,1.2265195,1.5026922,,39.861432222841515,31,-0.1293323,0.0689182,0.13028578,True,0.4362865851886052,0.9538634980286015
458017756292135936,38.07082279554117,57.40874546837366,-0.23895412140898487,0.065071136,-1.1296153031111464,0.06941704,0.4133764010859604,0.07948931,17.226274,18.08142,16.328997,1.7524242,1.0354528,1.2918053,1.3717618,,39.85825530774886,31,-0.108867146,0.047259897,0.22267471,True,0.4454474010859604,0.9097278190491992
458011502819660160,38.53175674410975,57.47159645472336,-0.28325281490945875,0.03578855,-1.0293021965321956,0.03946725,0.3835158515116724,0.045655224,16.068377,16.578327,15.374539,1.2037878,1.0281773,1.2509376,1.4723642,,39.81483394683315,31,-0.22112498,0.1635377,0.0005674184,True,0.4129608515116724,0.953020086074768
458007654529215360,38.7442766909553,57.41633100099342,-0.29309989424422433,0.03866801,-1.1222028985615013,0.041589636,0.35417043015799266,0.052355886,16.235268,16.794622,15.500996,1.2936268,1.110758,1.2610286,1.4577712,,39.718057441745735,31,-0.19185759,0.065093994,-0.047796167,True,0.38305943015799265,0.929129512751808
458005318067037312,38.571333593542214,57.32152876711885,-0.28974256730467934,0.01854105,-1.159073371275626,0.019731792,0.40445503854337844,0.024238694,14.711315,15.114989,14.126148,0.98884106,1.0727051,1.2216043,1.5184473,,39.66896825900366,31,-0.15730564,0.16298983,-0.1654408,True,0.43838403854337843,0.930935751487077
457999442551713024,38.2579180409632,57.14688689848694,-0.22494593382309092,0.051659122,-0.949085357873152,0.05189321,0.2647847607514645,0.062782645,16.850922,17.501022,16.061766,1.4392567,1.0067197,1.269211,1.4287674,,39.5778974039316,31,0.034359522,0.2614335,0.07258662,True,0.2944787607514645,0.9279436273296472
458019783516650496,38.137279780899036,57.46685838105491,-0.34214658101695283,0.042575937,-1.0363895675049348,0.04129333,0.44215423736950527,0.049846787,16.428207,17.169632,15.587162,1.5824699,0.9812276,1.2796885,1.4052699,,39.89672590935301,31,-0.08627975,0.17247385,0.07083409,True,0.47223923736950524,0.915940722303765
458019852236111616,38.18533084805614,57.478754158038,-0.2914530082751048,0.020588784,-1.1058818882349102,0.021405118,0.4544650810254971,0.024530983,15.034917,15.420552,14.464298,0.956254,1.0056932,1.2203773,1.5249319,,39.897055408583086,31,-0.10531103,0.08980814,0.11017264,True,0.4880430810254971,0.9476414992830091
458020401991940096,38.03579572616986,57.48235767687999,-0.33836549705081914,0.07428127,-0.9504640994814584,0.079904355,0.5269917509414543,0.092048,17.564125,18.3493,16.70408,1.6452198,0.9777687,1.2813427,1.3968734,,39.93314824874841,31,-0.11307715,0.06246508,0.042680237,True,0.5573467509414544,0.9164262756667888
458002569287793152,38.4455638106169,57.337477518987505,-0.2917432898496435,0.024435014,-1.1037152282918965,0.026787387,0.4169367488869842,0.030529052,15.391759,15.90536,14.701731,1.2036295,1.0180124,1.2466223,1.4742519,,39.711016039459054,31,-0.14479965,0.23252128,-0.0419906,True,0.45086174888698416,0.945778991732268
458012052575427072,38.593050808943694,57.52269340369769,-0.3357563706540435,0.02083011,-1.0723118650750942,0.024030402,0.39045085692929943,0.029022884,14.959185,15.35647,14.373252,0.9832182,1.0509821,1.2250656,1.5200622,,39.84821217094174,31,-0.22601423,0.09749162,0.0055595194,True,0.4241408569292994,0.9125535643958176
458008062541226624,38.740935173371355,57.46290330325925,-0.27188662634654964,0.055581138,-1.0948311827265438,0.057744656,0.35276718806479374,0.07123926,16.951267,17.794128,16.048933,1.7451954,1.0123974,1.3000507,1.3747587,,39.761396320444774,31,-0.18913013,0.02124222,-0.02453824,True,0.38451818806479376,0.9292464360628351
458010265869085952,38.477717723212976,57.46854422175964,-0.3185771995161394,0.020537859,-1.1277034233768077,0.021549124,0.4066542401455726,0.026323734,14.938556,15.428244,14.267813,1.1604309,1.025482,1.2426937,1.4816262,,39.82382065033397,31,-0.23321576,0.16846669,0.01233965,True,0.4407122401455726,0.9197082446369269
458015282390973696,38.21940302821412,57.38861620622679,-0.3236687082332867,0.021851439,-1.142515074200415,0.021806952,0.4268147412887912,0.027198238,15.184331,15.6516075,14.532975,1.1186323,1.0304177,1.238511,1.4900256,,39.80726014481268,31,-0.09407841,0.168368,0.1185573,True,0.4606617412887912,0.9074567954416706
457923851124813696,39.21937845883877,57.681989484563346,-0.23576069155572754,0.012772748,-1.1701153957317993,0.013696422,0.44720303775247283,0.0150689045,12.083844,12.360966,11.6337595,0.72720623,1.1774389,1.1990062,1.5802444,,39.85867541301618,31,-0.010392275,0.01862321,0.056004282,True,0.47727003775247284,0.9202356705547435
457986866886590976,38.00688265126174,57.09683908796371,-0.2081780622434779,0.01778387,-1.1008963839775714,0.01815119,0.34260975622684847,0.021089703,14.799107,15.140027,14.278149,0.8618784,0.9711566,1.2099224,1.5470359,,39.58748361317513,31,0.013827078,0.1942349,0.095790215,True,0.3762657562268485,0.9087552562269046
458023318268102912,38.31075464685537,57.54571627516899,-0.3076753366682897,0.052413795,-1.0213596351047858,0.05607977,0.4074426133537026,0.06742535,16.828173,17.533695,16.011925,1.5217705,0.9728269,1.271381,1.4162185,,39.9307744545829,31,-0.20082584,0.041469123,0.06422322,True,0.4374136133537026,0.9385686388479763
458023528728025856,38.324833653516464,57.58056851076464,-0.27963875730547993,0.019388007,-1.0224296649092162,0.020353092,0.40412573299388743,0.02409807,14.80609,15.191018,14.24036,0.95065784,1.0283453,1.2175107,1.5270231,,39.95953420995884,31,-0.18772148,0.07322622,0.037701074,True,0.43782073299388746,0.9615058670142752
458006894309864704,38.761871703741576,57.41723210013519,-0.28718456807030546,0.01920015,-1.153511595879722,0.02078647,0.41313899792859266,0.024744201,14.742738,15.110634,14.096927,1.0137072,1.0952376,1.279807,1.5175923,,39.7150608323428,31,-0.19185172,0.077712275,-0.05007067,True,0.44703899792859264,0.9342545706360396
458012533611724032,38.58508535343739,57.58073325913931,-0.30458529614287777,0.049813744,-1.131392515935639,0.05196741,0.5183630897641941,0.06370087,16.828762,17.516272,16.013086,1.5031853,0.91216177,1.2772453,1.4191318,,39.90300690194019,31,-0.1554899,0.11819305,0.050395247,True,0.548256089764194,0.9182554145968834
458016549399162112,38.24947669545127,57.43094172563959,-0.2968975186989024,0.03344612,-1.115093222842958,0.035654515,0.4045809264394848,0.043060027,16.0745,16.570053,15.349815,1.2202377,0.9996144,1.2799718,1.4780483,,39.839334962629394,31,-0.1555645,0.1664475,0.10395128,True,0.4338099264394848,0.9358093302790746
458011674618335744,38.54739660371251,57.49155778217766,-0.2957357438479313,0.0427899,-1.014846644254606,0.046416804,0.45013011365439226,0.05664194,16.409706,17.034021,15.632251,1.4017706,1.062041,1.2694564,1.437034,,39.8296781142825,31,-0.23430827,0.1410205,0.025203623,True,0.4794001136543923,0.9499867946800993
458012567971863168,38.12720388266718,57.22080169087378,-0.2659318858799057,0.053273812,-0.7990830264652268,0.053063486,0.2543886263029763,0.06571968,16.90217,17.77156,15.978381,1.7931795,1.0252916,1.3112819,1.3727063,,39.67420303014382,31,-0.039074756,0.22666402,0.1791263,True,0.28623362630297633,0.9067204522462783
457991024414883584,37.769450160374554,57.1842071119192,-0.30869197410560084,0.06443185,-1.1105637647618518,0.061105777,0.42569946060219993,0.07543393,17.215588,17.770872,16.402542,1.36833,1.0329714,1.324949,,1.4053389,39.71978722313864,95,0.0890159,0.3085362,0.056395885,True,0.45874746060219995,0.9149444155689799
457993463956225664,37.95546370574667,57.29066249665945,-0.22391054226468438,0.020171905,-1.0860896688085784,0.02067133,0.3433061265951568,0.024236655,15.028175,15.3659115,14.509041,0.85687065,0.99665385,1.2103372,1.5470343,,39.775842680473815,31,0.023086555,0.060324337,0.048252683,True,0.3767251265951568,0.9334416883104778
457994426028894976,37.8666853886295,57.31592803652049,-0.32664607590401495,0.017722845,-1.12074998957187,0.018192519,0.3624177246318485,0.021041792,14.755747,15.056902,14.280776,0.7761259,0.9387167,1.2014788,1.5633581,,39.81849340725209,31,0.016788183,0.13187394,0.02820574,True,0.39588872463184854,0.9096270519022865
457972607595155712,38.339242979884354,57.06780326353823,-0.3094881592654042,0.019716308,-0.8068409176129261,0.019815138,0.4261293997820144,0.023538854,14.972531,15.329881,14.434106,0.89577484,1.0174487,1.2129966,1.5385846,,39.4877053890641,31,-0.05207881,0.21746588,-0.04839386,True,0.4597663997820144,0.9326647766150722
458013323885946496,38.20229604827103,57.30108942350506,-0.24680026024388907,0.027410258,-1.097132187811189,0.028592175,0.3866662572718554,0.032733206,15.507147,15.942897,14.887295,1.0556021,1.0727291,1.2304718,1.5024923,,39.73104986073427,31,-0.18869436,0.06804057,0.17632532,True,0.4202212572718554,0.94523160812368
458010197152415872,38.428466441017875,57.462500013312265,-0.2921023621010998,0.033430595,-1.0797972893868286,0.03435676,0.44229941317220456,0.040759835,15.953414,16.463297,15.271702,1.1915951,1.0113566,1.242109,,1.485168,39.82903972513153,95,-0.1461127,0.111694485,0.10027201,True,0.47327841317220454,0.9474503777142105
458019611717961216,38.095136409788864,57.469390507584464,-0.24289746826830544,0.03746858,-1.1387737039711474,0.04006646,0.43643615314311207,0.045725834,16.358019,16.978224,15.594701,1.383523,1.0292981,1.2598602,1.4411823,,39.9082833238279,31,-0.06824767,0.06498928,0.03403048,True,0.46559515314311206,0.9284102972888304
458014904433879552,38.26862024228265,57.34425736804744,-0.2029626248788547,0.016579332,-1.0140432724270316,0.016905684,0.43025704051769137,0.019930217,14.522241,14.916621,13.943699,0.9729223,1.0543568,1.221513,1.5216426,,39.75594256986842,31,-0.060656138,0.14674301,0.03899369,True,0.46425704051769134,0.9260790154264112
458014732635178752,38.10090997387992,57.378780967282964,-0.19277299174701762,0.040697142,-1.0347861035977715,0.041571673,0.3685567476980769,0.046045173,16.383951,16.968449,15.623943,1.3445053,1.0184053,1.2709694,1.4499325,,39.82428410309516,31,-0.15300792,0.046398092,0.16638486,True,0.3976007476980769,0.9073744462520401
458014457757286144,38.136945202670624,57.35436190241677,-0.2687747521798202,0.02624932,-1.0899117777761498,0.02786004,0.432599661634877,0.031413537,15.506435,15.949986,14.875784,1.0742025,0.9829091,1.2344434,1.500186,,39.794066771690076,31,-0.073271774,0.12949474,0.27158585,True,0.466157661634877,0.9521858380424159
458014973153348096,38.24221563196885,57.35834563435617,-0.2515860138403011,0.045622516,-1.1067249823469218,0.045764707,0.4249661001482737,0.055132873,16.61079,17.340528,15.741021,1.5995073,1.0278076,1.3081369,1.4067205,,39.77460377784307,31,-0.13766043,0.0822094,0.1545215,True,0.4551221001482737,0.9359560360790988
458022738454125440,38.251719038708956,57.48013541900008,-0.2737411182516451,0.03900329,-1.101241117842172,0.04327453,0.38938331666952786,0.04734415,16.159842,16.691858,15.45142,1.2404385,1.0218037,1.2526006,1.4669963,,39.88377990411337,31,-0.13543637,-0.041855812,0.12529945,True,0.41810631666952786,0.941437484456014
458023219490406400,38.331336028172444,57.54600025368081,-0.2995962084565085,0.0120538,-1.1498805866231308,0.012776847,0.387172189786213,0.015736049,13.582097,13.950202,13.030721,0.9194813,1.0358086,1.216146,1.5346472,,39.92653918949231,31,-0.178574,0.088200696,0.05917311,True,0.421683189786213,0.9301596963260775
458023253850133376,38.351770436992666,57.556257376224124,-0.236762428517115,0.020727022,-1.0540297633429028,0.022094302,0.4278007847910926,0.027472172,14.9174795,15.414879,14.238898,1.1759806,1.0247272,1.2450814,1.479359,,39.931448349990234,31,-0.1647772,0.103810124,0.03151828,True,0.46185478479109265,0.952184057976858
458023356929636224,38.27829402136726,57.549665321159466,-0.26750734968378725,0.018469881,-1.1343855786975625,0.020365935,0.42196918298102254,0.024245441,14.651921,15.082966,14.039935,1.0430307,1.0798233,1.2272022,1.5061555,,39.94147327551821,31,-0.15612599,0.03292586,0.03266919,True,0.45594518298102255,0.9443653223667472
457993944995787520,37.79021751672484,57.27088124157585,-0.29147760185596266,0.017840771,-1.0290154683417874,0.018325154,0.38696021970414457,0.020835437,10.953465,11.145432,10.615315,0.53011703,0.98443466,1.1824324,,1.6216066,39.79428473837361,95,0.001071966,0.18957326,-0.054540426,True,0.4172262197041446,0.9582888035320678
458029095005597184,38.248868418858905,57.66142657726844,-0.21060531026954765,0.056409672,-1.0303972123596679,0.059304047,0.5412890739824066,0.066609204,16.965677,17.759624,16.096432,1.6631927,0.998253,1.28642,1.3924824,,40.04995207645963,31,-0.24316795,-0.09102832,0.16791081,True,0.5721670739824065,0.9269567508636736
458039883964492544,37.63493468696814,57.318259639038,-0.21953882513177972,0.025595307,-0.9523413013412165,0.027549412,0.36147702749945954,0.03175516,15.474677,15.845535,14.910513,0.93502235,1.1554043,1.2231244,1.5282705,,39.871884202688186,31,-0.07864249,0.12594143,-0.12039486,True,0.39472902749945954,0.9431976182483848
458011331021205888,38.65944769418947,57.50460585756541,-0.2838040735137161,0.027080938,-1.0949531015830463,0.028006049,0.4218264190745349,0.033951394,15.417648,15.855134,14.791623,1.0635109,0.9910254,1.233944,1.5015285,,39.81724043650221,31,-0.14983884,0.007243967,0.047976416,True,0.4554164190745349,0.9490957955484516
458009922271731968,38.46287465414904,57.43258006593572,-0.317794077716806,0.027685465,-1.0835633292836493,0.031356163,0.37647325442105845,0.035326116,15.57066,16.061226,14.9083805,1.1528454,1.0579844,1.2362587,1.4829276,,39.794182236977825,31,-0.19302024,0.07769533,-0.030397002,True,0.41018225442105843,0.9313496398099819
458022875893307264,38.255879426688644,57.50416945118657,-0.23102529224686497,0.032410722,-0.9933356525205221,0.033858422,0.4460598051399701,0.038690507,15.9729395,16.467226,15.296052,1.171174,1.0216699,1.2451729,1.4802876,,39.904821544234196,31,-0.1178241,0.046744466,0.07592363,True,0.47777180513997014,0.9517499185984618
458023528728034176,38.31978592735867,57.57114563883748,-0.26961651275875775,0.0117516685,-1.152708458931766,0.012720249,0.4262455501877182,0.014825451,13.402436,13.728371,12.897608,0.83076286,1.0049385,1.207256,1.5538568,,39.95202943275752,31,-0.23137243,0.1184932,0.0044351253,True,0.4607945501877182,0.940682315589391
458024731318868224,38.36410706795447,57.575884842806545,-0.2842643125669291,0.030882047,-1.0455138244832698,0.03437303,0.409759807269112,0.04095007,15.78668,16.254623,15.143819,1.1108046,1.0415887,1.2322443,1.4924984,,39.946686567758206,31,-0.10628927,0.112847745,0.067837276,True,0.44318680726911197,0.9546170349132136
458020505071132672,38.032230698130654,57.50691527596032,-0.2512255870437223,0.03181584,-1.1095079570413053,0.032200746,0.42396694027381626,0.038433675,15.953913,16.470245,15.268126,1.2021198,1.0408131,1.2423881,1.4743304,,39.956344515531114,31,-0.09653838,0.06410315,0.048019424,True,0.4562039402738163,0.9429606815760081
458012396172798080,38.5525241457028,57.54628769836464,-0.2664367305813759,0.020917175,-1.13077924796775,0.024639493,0.41383954118033167,0.027887762,14.690152,15.043903,14.150969,0.8929348,1.15208,1.2152115,1.5378599,,39.878597131493464,31,-0.2750749,0.042220525,0.095324986,True,0.44755254118033166,0.9441938006072451
458013770562566272,38.04399698295382,57.29114293241478,-0.20832386981881934,0.012992007,-1.1159314861879794,0.01360783,0.382647432193871,0.01562295,14.034997,14.364757,13.526381,0.83837605,1.0494963,1.2077086,1.5540159,,39.75677212896344,31,-0.03203579,0.13327304,0.08173889,True,0.416773432193871,0.9060358848312647
458025555952547584,38.3751230114309,57.639344962139894,-0.210026709392435,0.060604867,-0.990945992564519,0.06355682,0.3572945780007658,0.07188084,17.080969,17.803963,16.247938,1.5560246,0.96517897,1.2792416,1.4108443,,40.00225231569938,31,-0.11413537,0.09308583,-0.005944813,True,0.38756857800076583,0.9223933969802678
457989993622669056,37.938104543213825,57.249446255357284,-0.2572615908795598,0.07422138,-0.980218978935758,0.07205291,0.22114888010463896,0.08514132,17.57155,18.178305,16.823776,1.3545284,1.0502456,1.2528821,1.44851,,39.742043580220304,31,-4.6520378e-05,0.22016047,0.07696623,True,0.25004688010463894,0.9179877699487725
458020122812272384,38.136739598203015,57.50389198427397,-0.2865555376752419,0.046651036,-1.0759603971964407,0.048384808,0.38369972416096665,0.056544982,16.751305,17.410168,15.958495,1.4516726,0.9984539,1.2689447,1.4293298,,39.93065697151112,31,-0.07526003,0.04705676,0.091251425,True,0.41329372416096666,0.9401801733533852
458040708598204672,37.608041149301755,57.341635311299534,-0.29419531021812395,0.05706353,-1.1400625186785482,0.06198976,0.42730870527569176,0.06776093,17.138243,17.99853,16.215666,1.7828636,0.9068972,1.3129227,1.36884,,39.89915923746196,31,-0.039683133,0.16052243,-0.04714135,True,0.45949870527569175,0.9148522690501958
458022429216435968,38.38966825740741,57.52423174295731,-0.2723975046042673,0.03789328,-1.1101503120219807,0.038474694,0.4477631384959761,0.048936762,16.200943,16.749971,15.491167,1.2588043,1.034012,1.2467037,1.4646288,,39.89391935671803,31,-0.1959807,0.10878224,0.05933455,True,0.4765271384959761,0.9420456510462204
458018958882967936,37.92290942840837,57.44469453365991,-0.32911143545169885,0.03457608,-1.1138019586061723,0.035969157,0.364131011346337,0.04162757,16.202808,16.749146,15.493557,1.2555885,0.9916922,1.2473966,1.4639841,,39.92360139831289,31,-0.20545517,-0.056633815,0.13830464,True,0.392898011346337,0.9059687378140119
458022119978814336,38.40886372296358,57.491200587910036,-0.2212312072858364,0.014397855,-1.020831255422822,0.015257362,0.48368939408094974,0.018901456,14.053632,14.468304,13.453269,1.0150347,1.0473061,1.226735,1.5123442,,39.859547521236614,31,-0.18219633,0.13963342,0.0025976968,True,0.5180263940809497,0.947587781172291
458023047691739264,38.343865812766914,57.51297852534903,-0.2938270661696221,0.025650816,-1.0893356121865063,0.0249927,0.38709742195913255,0.03234022,15.204534,15.687986,14.541729,1.1462574,0.9984992,1.2396667,1.4847533,,39.89363646502015,31,-0.23673049,0.077052735,0.06263796,True,0.4209564219591325,0.9465528260875989
458023391289373440,38.27689681810025,57.551859238746616,-0.2527529668394298,0.04711964,-0.9723756126981768,0.049480267,0.5377763513830354,0.059661284,16.64609,17.327202,15.827089,1.5001125,1.0192604,1.2822565,1.4231938,,39.94378231268064,31,-0.15511055,0.009479602,0.015466948,True,0.5674573513830353,0.9523016276399549
458022291777496832,38.35323336339392,57.510389223521756,-0.31638418810201463,0.061500777,-1.0421090141388125,0.061828922,0.3543126971621091,0.07257952,16.930033,17.736345,16.036762,1.699583,1.0189179,1.3034408,1.3891621,,39.889225084098676,31,-0.30124694,-0.011178494,0.13102362,True,0.3853256971621091,0.9229241689561198
458022532295700992,38.267993656187706,57.472253824000845,-0.28362113940382055,0.024619147,-1.1497130545117975,0.027299799,0.4262518629113526,0.031042103,15.237262,15.632811,14.661112,0.97169876,1.0834898,1.2193929,1.5208066,,39.873019336935,31,-0.17640436,0.050772365,0.01647292,True,0.4597408629113526,0.9349330815758118
458022532295702912,38.25533637445282,57.47179118065502,-0.2942530862105064,0.015141241,-1.0991984283190868,0.016442558,0.43994087268742743,0.018740574,14.242098,14.603825,13.700422,0.9034023,0.9762148,1.212968,1.5357962,,39.87536656299178,31,-0.1096768,0.06379946,0.08412096,True,0.47399187268742743,0.9493670187581444
458022562353600512,38.2634246654591,57.481758882390096,-0.3121663177401349,0.031005146,-1.0680236789346016,0.033167608,0.4643296030949043,0.03812893,15.823734,16.294153,15.17675,1.117403,1.0043551,1.2340654,1.4908116,,39.882701360257904,31,-0.13872917,0.08357245,0.036608126,True,0.4977766030949043,0.9414597048955792
458021604582766720,38.37790359780859,57.45604314369857,-0.2695874763538277,0.034879237,-1.0632515042173112,0.035872515,0.48285344087559,0.043378767,16.108654,16.62743,15.428429,1.1990013,0.97339255,1.2373306,1.4724846,,39.8341789515238,31,-0.16548285,0.12062601,0.08593798,True,0.51150744087559,0.9533205483841938
458021845100927104,38.3112378346413,57.472990595041104,-0.20198247651325635,0.023759581,-1.036184458582163,0.024828276,0.396259106126812,0.028796045,15.2893,15.685234,14.711719,0.9735155,1.0045093,1.220159,1.520018,,39.8642337328879,31,-0.23140931,0.09994382,0.0810812,True,0.429725106126812,0.9210797207207088
458019199393796096,38.09948555391216,57.42810164020376,-0.3245875506479592,0.03925545,-1.0510716623076815,0.04018903,0.4073082789722714,0.03706478,15.75966,16.154863,15.051013,1.1038504,1.0246636,1.312433,1.5020334,,39.86963221261995,31,-0.33410797,-0.015785612,0.0099857,True,0.4406672789722714,0.9308804411365477
458026105708451328,38.147188816616215,57.542654646375155,-0.3105431520290831,0.02174105,-1.0788965894775122,0.022320611,0.3950204858976711,0.026942408,14.872494,15.274558,14.285515,0.98904324,0.99901485,1.223552,1.51886,,39.96375567509372,31,-0.104149975,0.14660078,0.17389317,True,0.4287394858976711,0.9412518076323029
458022360496965120,38.4093366866116,57.51365965640906,-0.22847671564156108,0.019647809,-1.0644574011172518,0.019578923,0.4108015030172166,0.024000244,14.692997,15.072593,14.130715,0.94187737,1.045379,1.2177676,1.5284176,,39.879967899457874,31,-0.20814523,0.13146646,0.042397395,True,0.44458950301721656,0.945579961099029
458023322569628032,38.30156761368465,57.54189730276992,-0.2878424311401402,0.022783203,-1.0313678735392067,0.024080297,0.40912242124979875,0.029317291,15.114763,15.516404,14.529131,0.9872732,1.0583673,1.2228504,1.518211,,39.92929306165703,31,-0.14497067,0.096760035,0.09359463,True,0.4426994212497988,0.9584127158564657
458017653212933632,38.07126668213143,57.38869683533621,-0.33612955981902626,0.051675465,-1.0790985202126415,0.05364609,0.3716239417734903,0.061878704,16.858273,17.550224,16.041431,1.5087929,0.9358988,1.2766314,1.4193892,,39.8398526978646,31,-0.13853179,-0.0039130733,0.20120962,True,0.4015319417734903,0.9064623521483467
458023941037297408,38.41160278088376,57.55330310669086,-0.30604287536904506,0.036129303,-1.0155825354242058,0.039879825,0.49849226753524906,0.052218113,15.790685,16.124876,14.811772,1.3131037,1.2501305,1.5700758,1.4820418,,39.91569791749742,31,-0.22029515,0.15895624,0.023422431,False,0.5320492675352491,0.9492773850734751
458024692655227904,38.39559761978519,57.55965486171338,-0.28622750385571555,0.050770473,-1.1419381825973343,0.054617178,0.5024879198053516,0.06592979,16.703981,17.415066,15.876244,1.5388222,1.0719439,1.278942,1.4145283,,39.924991213248965,31,-0.15745872,0.05169455,0.015126684,True,0.5324379198053516,0.9216614431465767
458026140068176128,38.163710434729715,57.55809197241684,-0.23202078026818151,0.076537766,-1.0216598040706555,0.07989838,0.3443494981521475,0.09211599,17.390913,18.337965,16.391163,1.9468021,1.0707972,1.3602326,1.3497375,,39.974230800333025,31,-0.17019235,0.07185277,0.18943925,True,0.37796549815214747,0.9185313408342037
458029060645866752,38.22378329978822,57.650122608101064,-0.252613388851753,0.023246832,-1.0911946906710148,0.024029408,0.3463537262344988,0.027378427,15.2416525,15.747727,14.560812,1.1869154,1.0609162,1.2430696,1.477268,,40.045110068456204,31,-0.21775225,-0.047551896,0.121101,True,0.3802157262344988,0.9479227904717802
458019302480338432,38.13492316373615,57.43588665210097,-0.23035835565716367,0.033635665,-0.9841451534371284,0.035026774,0.41538940754739107,0.04015987,16.090471,16.603264,15.409961,1.1933031,1.012116,1.240022,1.4754455,,39.86896241231415,31,-0.076737806,0.08448488,0.121528044,True,0.44424140754739105,0.9503253147240862
458023150770934016,38.36493131346476,57.536444203634055,-0.2651734567334009,0.026244817,-1.1261919262316897,0.028796481,0.48026785470890876,0.035748664,15.399504,15.893419,14.723151,1.170268,1.097918,1.2449427,1.4800475,,39.91047554385402,31,-0.19967699,0.10856254,-0.0389434,True,0.5140618547089087,0.9442571049307807
458024967535737856,38.35778386757364,57.59598142349994,-0.2899436782156292,0.08328433,-1.0776055675515377,0.08585363,0.39604313601324825,0.10229528,17.627878,18.653763,16.654894,1.998869,0.9751531,1.3132615,1.3444575,,39.966423400265285,31,-0.14676295,0.04877238,0.10062812,True,0.42854413601324826,0.9100121375955287
458025006196761728,38.33285927954035,57.597749378855966,-0.251370994298765,0.05939592,-1.1273691023018977,0.06265832,0.4541029444375467,0.07139914,17.10976,17.9168,16.237598,1.6792011,0.98590744,1.2847567,1.391912,,39.97347523891905,31,-0.16522016,0.016886862,0.07571946,True,0.4850969444375467,0.9210127806670303
458024765678604800,38.36876012246103,57.576548993886206,-0.3209816939677363,0.011879635,-1.0401769207830298,0.012914342,0.4012424653333484,0.015802003,12.728894,13.061976,12.218746,0.84323025,1.0690609,1.2070222,1.552549,,39.946278339142545,31,-0.14470756,0.079385534,-0.01522237,True,0.4234654653333484,0.9398958122282017
458025143635705856,38.36605292938038,57.60808235406066,-0.2864718836020513,0.047418818,-1.0815767189655157,0.05138305,0.388489214601062,0.056865927,16.674223,17.334888,15.879122,1.4557667,1.0117164,1.2701335,1.4279286,,39.97567366804174,31,-0.17559731,0.047781225,0.060533743,True,0.418069214601062,0.9385899535537778
458025384153849216,38.49326808033699,57.637176002340375,-0.2299646430905109,0.0211943,-1.1694036832540615,0.024247646,0.43128899511496044,0.026865777,15.020897,15.421476,14.4328375,0.9886389,1.0467204,1.2249569,1.5168666,,39.974552938644216,31,-0.18323441,0.006350749,0.01880632,True,0.46492499511496044,0.9132762848757807
458025487233078784,38.39466238083456,57.622446885144306,-0.21166036162535296,0.026110584,-1.03949460441233,0.029245567,0.419365447015056,0.032918043,15.4633045,15.906373,14.840732,1.0656414,1.0069926,1.2290801,1.5015676,,39.98255963807968,31,-0.17750315,-0.04932947,0.00883006,True,0.452871447015056,0.9338919589698855
458021634640436608,38.30662552168321,57.430312609932706,-0.2694235107263194,0.047203466,-1.0857325595488545,0.050231535,0.3098698187202548,0.060138296,16.755663,17.450153,15.913632,1.536521,1.0200286,1.2967004,1.4141295,,39.82625039991069,31,-0.13612409,0.1486609,0.094193,True,0.3398708187202548,0.9348173371303292
458022326137225344,38.392450767552006,57.517224159492606,-0.2789575560158844,0.020934897,-1.0768710799311223,0.021107838,0.47465558597806995,0.026191164,14.788314,15.16544,14.227449,0.9379902,1.0644122,1.2180104,1.5292082,,39.88690922415673,31,-0.22895996,0.08564669,0.061528433,True,0.50836858597807,0.956199337770975
458024078483833216,38.43987653940456,57.572105348715176,-0.2787687504930187,0.02173636,-1.115178330157713,0.023601338,0.4807990922360577,0.02804287,15.005161,15.390185,14.430836,0.95934963,1.0446227,1.2230982,1.523423,,39.92671592519813,31,-0.20769371,0.1583298,-0.01581869,True,0.5144010922360577,0.9482722373212067
458023288209900544,38.30244782217598,57.52808637519374,-0.3160956559127599,0.016530214,-1.067665893452796,0.017388575,0.40958896625157953,0.02154398,14.416152,14.838553,13.809222,1.0293312,1.058501,1.2276626,1.5109864,,39.91648565932379,31,-0.14896217,0.1041903,0.075979285,True,0.44368496625157955,0.9405146177794029
458023631807274880,38.445540148003346,57.52171551456404,-0.2112729736278366,0.015512079,-1.112238721720949,0.016006593,0.434091550008527,0.01971474,14.116264,14.490246,13.561559,0.9286871,1.0344131,1.2155048,1.5316387,,39.879434538795145,31,-0.23356883,0.0642639,0.06357555,True,0.468257550008527,0.9158755880363947
458023253850137984,38.35694713165434,57.551679008423854,-0.33289506214428194,0.038972985,-0.8806535456853068,0.041764952,0.4046374008718767,0.050753847,16.298523,16.90271,15.525828,1.3768816,0.98624355,1.2733233,1.4414756,,39.9261361363162,31,-0.16968329,0.08555029,0.036004808,True,0.4337584008718767,0.9236893947504724
458006108341005952,38.77776929560676,57.34836694105567,-0.19933444993082766,0.038704928,-1.0529983937571454,0.04413987,0.35132628130518717,0.049831662,16.3347,16.91532,15.5709305,1.344389,1.0451545,1.2754235,1.4493468,,39.64858161819283,31,-0.23251131,0.0607496,-0.09383791,True,0.3803842813051872,0.9114389993008302
458004252915160320,38.613662152215696,57.27174555081935,-0.22443981645401523,0.047795676,-1.1120982843521836,0.049403265,0.26139799006570547,0.061043292,16.732403,17.460657,15.900091,1.560566,0.9679475,1.2768402,1.4081986,,39.614189492692276,31,-0.17448853,0.20229962,-0.08958254,True,0.2915909900657055,0.9082352783474472
458024422081198208,38.50025123551843,57.594319176733286,-0.2501752027283493,0.01275365,-1.1780382337458704,0.014271736,0.44142645284822524,0.017344138,13.566966,13.938712,13.01399,0.9247217,1.1448883,1.2154477,1.5322421,,39.933870638631625,31,-0.15957363,0.162406,-0.10588242,True,0.4759574528482252,0.9261803910897795
458025006196767872,38.33023129752074,57.58766189755287,-0.29986329013081864,0.015116458,-1.1060052053995708,0.016049238,0.41914346399028524,0.018982517,14.036587,14.397267,13.493451,0.9038162,1.0122293,1.2144029,1.5377222,,39.964835120368335,31,-0.13510291,0.16882178,0.12650017,True,0.45329946399028526,0.9445134491503853
458026002629214976,38.228687019896014,57.55819040374974,-0.2515319658453142,0.013504416,-1.1326583834491717,0.014121369,0.4060807678323514,0.017836053,13.0081415,13.38121,12.462172,0.9190388,1.0681292,1.210316,1.5347153,,39.9601031501661,31,-0.18984595,0.12481738,-0.043386873,True,0.4351437678323514,0.9428362295667632
458026311866858496,38.25328619271887,57.557790340126985,-0.2990104870894996,0.02279282,-1.0428135841105648,0.023944795,0.40259906986220984,0.027204733,15.058102,15.515639,14.412768,1.102871,1.0086064,1.238518,1.4935999,,39.95435935261812,31,-0.10885774,0.11417681,0.12140417,True,0.43643606986220984,0.9535051257802585
458022944612526976,38.25755148222822,57.52152136565169,-0.2553003647943045,0.026189582,-1.161310633764444,0.026624843,0.4430956210841594,0.032641232,15.387715,15.834796,14.761385,1.073411,0.9889465,1.2298899,1.4987762,,39.920303805307974,31,-0.13112052,-0.02163735,0.0705786,True,0.4766976210841594,0.9302720155927626
458023009030319104,38.33300746109862,57.51093613020725,-0.25568159240295735,0.024519006,-0.8970100712973625,0.024754079,0.48012612460018167,0.029997252,15.227654,15.628048,14.646067,0.9819813,0.99127257,1.2207438,1.5193838,,39.894142304142825,31,-0.21155342,-0.0034006878,0.08547062,True,0.5136291246001816,0.9601832418577271
458023322569627392,38.30177410201465,57.54278088922763,-0.3245177832836166,0.04652973,-1.0499697717575627,0.049383093,0.39822045235359327,0.06253224,16.626522,17.223585,15.819852,1.4037333,1.0152413,1.3033222,1.4362503,,39.93005501372688,31,-0.16246796,0.08239014,0.13952194,True,0.42760345235359326,0.9270426907885154
458023906685170816,38.39081745875464,57.543567206272044,-0.2490959420762689,0.013069176,-1.0916897895136048,0.014372829,0.4236839204916014,0.018265937,9.687481,9.987652,9.206292,0.7813597,1.1749305,1.2057223,1.5682101,,39.91133521371739,31,-0.21271272,0.0700478,0.039210718,True,0.4493549204916014,0.9525092183455482
458022738454361216,38.24648583264925,57.47632552194106,-0.3128565547716402,0.016777232,-1.0603034153970345,0.017735036,0.37679404215019197,0.01938408,10.995702,11.261487,10.55612,0.7053671,1.2728591,1.1987702,1.5860109,,39.881445329543425,31,-0.17131257,0.017456459,0.08067472,True,0.410701042150192,0.9431423482766406
458023219490406656,38.339999437207425,57.544700248017016,-0.27723910060795054,0.02482324,-1.029385574660837,0.027006295,0.3757885912948489,0.033403162,15.35202,15.794138,14.726615,1.067523,1.0249764,1.2314528,1.5001022,,39.923460142871875,31,-0.17030661,0.07062958,-0.008874313,True,0.4093975912948489,0.9584275049340824
458026449305788032,38.28397369348196,57.584524722463314,-0.2862346730541475,0.021579962,-1.1581972829076912,0.021982089,0.4129639462508963,0.02559456,14.94404,15.336224,14.369694,0.96652985,1.008555,1.2197695,1.5220681,,39.972068542470346,31,-0.26056919,0.06162089,0.04990249,True,0.4466039462508963,0.9316872552579898
458026311866862208,38.257864835949825,57.5526589323547,-0.278021608034119,0.05220454,-1.1504490203891804,0.054198302,0.4844715614705983,0.06526102,16.782234,17.48467,15.971822,1.5128489,1.0756482,1.267674,1.4194908,,39.94867235546325,31,-0.15945973,0.06966619,0.087078065,True,0.5143245614705982,0.9186419980070899
458028098573197440,38.33431773329729,57.62596044898786,-0.23373982653584258,0.054160923,-1.005044294735786,0.05567868,0.4153719034249439,0.06270573,16.857832,17.544365,16.037472,1.5068932,0.96910197,1.2814497,1.4187465,,39.99892295955689,31,-0.16397506,-0.11224106,0.10082461,True,0.4452829034249439,0.9412028023946047
458023906685172608,38.409018424655564,57.53765966669365,-0.25938481665940116,0.012695671,-1.0667366549259838,0.013923456,0.4049214959303197,0.017542731,13.607064,14.027257,12.999406,1.0278511,1.0778786,1.2291585,1.5118887,,39.9019677035237,31,-0.22274509,0.12873611,-0.037704017,True,0.43953349593031965,0.9587065621441547
458025796470820352,38.22276561686852,57.51362514329803,-0.3122553129351551,0.03917453,-1.1280051076608684,0.0418291,0.4339912042513098,0.046558477,16.352764,16.93161,15.608192,1.3234177,1.0029111,1.261212,1.4513284,,39.920702635373104,31,-0.122106135,0.037526246,0.10421392,True,0.4629862042513098,0.920954325528856
458026174427918976,38.18770246661776,57.549235309688996,-0.24060981358040828,0.048255317,-0.9713764415426522,0.05210246,0.42848294139764415,0.059894968,16.771944,17.538118,15.919389,1.6187296,0.93669015,1.2811642,1.4031087,,39.96089300785976,31,-0.15820606,-0.006047325,0.11555699,True,0.45883794139764417,0.9481079789476008
458021776381456384,38.34163347376656,57.46298081429503,-0.21086869397669133,0.020183733,-1.0786194440860442,0.020541389,0.41981121297039475,0.024437994,14.780012,15.150293,14.227463,0.9228306,1.0130213,1.215867,1.5321721,,39.84844367238706,31,-0.20972067,0.10273797,0.09572052,True,0.45351821297039474,0.9256272312461815
458022257417770496,38.336557265086945,57.495394201166015,-0.29931169280973297,0.022373239,-0.9379075702154883,0.023390954,0.39660743825683603,0.028346537,14.907057,15.298513,14.30321,0.99530315,1.1410881,1.2397847,1.5171765,,39.87916782632913,31,-0.20198204,0.062455464,0.07904049,True,0.430347438256836,0.9570908264710147
458009819192534016,38.47976038381175,57.40950792820388,-0.2990045952330833,0.04044116,-1.1103693423725862,0.043790303,0.352163368301287,0.052809764,16.374737,17.00198,15.603221,1.3987589,1.0052451,1.2636591,1.4355079,,39.76940489017493,31,-0.1367894,0.0992471,0.14054649,True,0.381453368301287,0.9293377971585507
458006658096806400,38.83756652798917,57.39486905755813,-0.33452228461104555,0.05912607,-0.9063923059397874,0.06450272,0.47180570956898543,0.07698533,17.14266,17.81951,16.351562,1.467947,1.0326638,1.2610731,1.428599,,39.67816487228217,31,-0.19755572,0.06963725,-0.041082263,True,0.5016437095689854,0.922955634388076
458026999061619200,38.167396625277206,57.57694111591731,-0.2526520913173034,0.023667606,-1.0375100698022144,0.025846621,0.44029366913415885,0.030462071,15.322712,15.753361,14.712295,1.0410662,0.9927308,1.2263123,1.5062983,,39.99063155406859,31,-0.19055368,0.066817395,0.013797206,True,0.47383366913415886,0.9587824715074238
458027892414760064,38.159014965830764,57.66298607581807,-0.26039369610802177,0.028320089,-1.087027458177273,0.02778617,0.4061530651693168,0.033630114,15.591558,16.212845,14.825497,1.3873482,1.0068252,1.2616044,1.4402956,,40.07100493745018,31,-0.20389895,-0.124707945,0.017767446,True,0.4403040651693168,0.9507415366460009
458028442173366400,38.287564516884835,57.65497340707368,-0.25461909391892085,0.050147075,-1.0209392682580982,0.052788973,0.4478367954805852,0.059120577,16.720375,17.418537,15.897462,1.5210752,1.0355333,1.2794527,,1.4253864,40.03561546364122,95,-0.17670494,-0.044273086,0.08662394,True,0.4782837954805852,0.948585639128905
458067577914301312,37.95434062791335,57.52715751252443,-0.2540642559107695,0.0907592,-0.8410588972134176,0.09290019,0.4429995119997802,0.10973522,17.322632,18.04289,16.283455,1.7594357,1.2604573,1.4697478,,1.380236,39.99192718766427,95,-0.2406775,-0.060859155,0.13397418,True,0.4793915119997802,0.9044059233302484
458068574346668800,37.973743593084876,57.608818440449355,-0.32510537377019394,0.019643731,-1.1103076033553383,0.020311987,0.4527081712009788,0.024265716,14.936206,15.344014,14.34563,0.9983845,0.9964381,1.2233084,1.5153495,,40.06216394623411,31,-0.11239324,-0.10532574,0.03722928,True,0.4863831712009788,0.9203383687154886
458024696959130496,38.39476401516045,57.571442860083785,-0.2827410051694065,0.02728969,-1.0613308019478433,0.028017722,0.37406077627992407,0.03313151,15.284703,15.690162,14.696099,0.9940624,1.0356029,1.223072,1.5152241,,39.935942806759826,31,-0.24289972,0.018616317,0.090553895,True,0.4075527762799241,0.9532147840133882
458026518025266432,38.264880454428365,57.58496130112043,-0.24203620340837595,0.039795563,-1.1134721330800348,0.04109076,0.3686691783195116,0.047715146,16.174906,16.7193,15.458614,1.260685,0.99689925,1.2534455,1.4624857,,39.97663791744773,31,-0.21642925,0.032568056,0.006629211,True,0.3974321783195116,0.9321853304988134
458023150770947456,38.36151021830502,57.520161316680955,-0.2913077563882981,0.03218576,-0.9522091295933601,0.033349592,0.4114808668547972,0.04004931,15.725191,16.216335,15.043009,1.1733265,1.0388225,1.2503443,1.478682,,39.89634597119441,31,-0.22781193,0.018311402,0.10385341,True,0.4451188668547972,0.9572391985235547
458028403509840000,38.315603943453276,57.67012995429548,-0.2421113359375744,0.097502835,-1.0346092304162369,0.10478945,0.5241815867241474,0.116886094,17.963387,18.895447,17.018282,1.8771648,1.0109038,1.3125601,1.3527598,,40.04333962645864,31,-0.1911143,0.04294193,0.06769247,True,0.5520935867241474,0.9111730970063574
458027892414762752,38.15089003569086,57.656910252112375,-0.26672452618396714,0.050731845,-0.9382558090506665,0.05135916,0.177925268073931,0.063055806,16.793625,17.550241,15.943952,1.6062899,1.042451,1.2818849,1.4006915,,40.06723630634251,31,-0.24065977,-0.12390417,-0.0131451,True,0.208371268073931,0.9331631358049995
458039643446330496,37.719899456386315,57.29249965241709,-0.26545126662319185,0.060267605,-0.9497567294403628,0.057240523,0.23077612817467913,0.06826304,17.21098,17.715357,16.533716,1.1816406,0.9960555,1.2411892,1.4785279,,39.82956928025429,31,-0.07207056,0.13488433,-0.015177453,True,0.25975112817467916,0.9314006540527677
458027205220044672,38.079530620463466,57.593885345773174,-0.2370702034266427,0.055592135,-1.108256735091157,0.05883274,0.5473383911967106,0.070366904,17.03487,17.804523,16.175692,1.6288319,1.0442243,1.2856666,1.4006336,,40.02533944968645,31,-0.21736977,-0.05907117,0.035896663,True,0.5779353911967106,0.9252012921810095
458024181563051008,38.48604034972329,57.56262447144053,-0.3132836928658375,0.015709126,-1.1406998435525995,0.017362356,0.3971275888257271,0.020223783,14.179141,14.522206,13.655403,0.86680317,1.1109264,1.2106203,1.5437722,,39.907997893267236,31,-0.20995335,0.10086902,0.023257317,True,0.4311595888257271,0.9211375323448029
458024765678598528,38.37686291817591,57.582718523536336,-0.2900876919285902,0.010817238,-1.143917071919213,0.0111359935,0.4179061726252302,0.014280724,13.087739,13.443086,12.549902,0.8931837,0.96902984,1.2135851,1.541362,,39.950147219416046,31,-0.18627578,0.1573958,0.007947488,True,0.4519821726252302,0.939253031007164
458024937477293312,38.35171037305855,57.58237423833227,-0.28009444304448106,0.015859662,-1.1954871155475966,0.015343156,0.3934199098236328,0.019178765,13.998017,14.370562,13.445135,0.9254265,1.0258883,1.2150086,1.5334905,,39.955318779072456,31,-0.22970964,0.08062204,0.09038686,True,0.4276329098236328,0.9171010738173464
458025143635702784,38.36028768981218,57.61604746179164,-0.27371900277147243,0.056487355,-0.9563904760954006,0.05804435,0.2968973559689223,0.06617086,16.842318,17.614912,15.982831,1.632081,0.98733646,1.2849644,1.3963193,,39.98420608324366,31,-0.23325601,-0.050013147,0.119090974,True,0.3275483559689223,0.9394550743075216
458010197149623424,38.4371468749311,57.45335029960743,-0.32557099455646155,0.05244685,-1.090707634205611,0.056114465,0.4611484641661496,0.066333175,16.825735,17.61384,15.951424,1.6624165,1.0460882,1.2926868,1.3915073,,39.81878245890938,31,-0.17554414,0.1004119,0.124832444,True,0.49200246416614957,0.9162141805725038
458012293093602048,38.5484557278271,57.523642757033095,-0.27859129790610954,0.05438962,-1.0973606666495912,0.06044679,0.4366475664569575,0.07212748,16.92632,17.643215,16.09115,1.5520649,0.9857562,1.2831271,1.4106663,,39.85878079098549,31,-0.2409533,0.12299932,0.043720968,True,0.4668475664569575,0.9329899875120777
458007688891541504,38.71268626062665,57.4345707836289,-0.32007152405648326,0.037482128,-1.0893363992420815,0.042938877,0.32990811063978953,0.05056492,16.175762,16.737183,15.458035,1.2791471,0.99813795,1.2476866,,1.4680942,39.74160921320839,95,-0.17401278,0.07540393,-0.18574464,True,0.35701611063978955,0.9202567244740395
458028132932929280,38.354831832766,57.63585539308549,-0.2489942035460106,0.05216311,-1.0755256292831838,0.058038417,0.33203731521859686,0.06357563,16.782038,17.521524,15.94283,1.5786943,1.0298144,1.2787971,1.4041836,,40.0034873302139,31,-0.17338313,-0.099309236,0.06431542,True,0.36235631521859685,0.9328304970697958
458027548817393920,38.20745726387011,57.62514823402028,-0.2518642217086487,0.03375203,-1.146314292495057,0.033964623,0.4531736919982251,0.03904805,15.91262,16.415533,15.229623,1.1859102,1.0047722,1.2459623,1.475498,,40.025878145972456,31,-0.26313204,-0.08571897,0.16678317,True,0.4863996919982251,0.9316313884233944
458046068717343232,37.575885643314685,57.486731226838636,-0.30901903134235426,0.0615877,-1.1203658006281123,0.06378567,0.6335457881940137,0.07491966,17.291943,18.128012,16.399368,1.7286434,1.051617,1.2934954,1.3866545,,40.03853876032104,31,-0.07044201,0.0021033394,-0.012714055,True,0.6648817881940138,0.9049471354809221
458028029853736576,38.289764297424355,57.60601092760474,-0.20705564439324692,0.054557215,-1.1109849305645714,0.05612692,0.5358547267187199,0.064866744,16.906443,17.627054,16.06311,1.5639439,0.9754197,1.2887037,1.4091394,,39.990425754786884,31,-0.15109086,0.019735463,0.06207282,True,0.5660817267187199,0.9069064060270191
458042254786420864,37.656015638756536,57.36234471001797,-0.3073430210704334,0.0749572,-1.070454388536397,0.07599437,0.3223290939569275,0.08944183,17.499863,18.295269,16.632835,1.6624336,1.0707037,1.2840378,1.3898246,,39.90741395853685,31,-0.14845222,0.10666877,-0.07497011,True,0.3536500939569275,0.9087736191523078
458026140068182400,38.15550226060491,57.55007780776213,-0.2552215753346702,0.0444213,-1.1790918607994412,0.05149681,0.3814756361202242,0.057590477,16.600058,17.30873,15.778943,1.5297861,0.9877706,1.2742934,1.4149411,,39.96871169009724,31,-0.15196136,0.04896725,0.26498142,True,0.4113486361202242,0.9067229537780991
458013392605574912,38.16297383346253,57.28954457522243,-0.26402785388491734,0.04040562,-0.996448078524184,0.042066943,0.372784686717733,0.04937292,16.475641,17.123596,15.696248,1.4273481,0.9878503,1.2622045,1.4332724,,39.72914003137665,31,-0.13132587,0.08345123,0.22226313,True,0.402175686717733,0.9535117069595003
458008788400403328,38.521097595192806,57.377508542561664,-0.30448122821595075,0.024465075,-0.9740994475874616,0.0273424,0.4345227660749325,0.032175142,15.411364,15.949631,14.703398,1.246233,0.9573147,1.2497113,1.4641523,,39.731126675509195,31,-0.17759307,0.091409996,-0.0004989724,True,0.4685407660749325,0.9557636272313172
458010128430155904,38.45806881675363,57.440957017860114,-0.21796481698980402,0.023869416,-1.0624888952846323,0.025844196,0.3807298595428221,0.03034726,15.281283,15.739571,14.6367655,1.1028051,0.9990873,1.2376174,1.4938058,,39.80288855709704,31,-0.12530804,0.14362787,0.13381654,True,0.4144848595428221,0.9348827902941012
458039192466155264,37.641718308072754,57.27327929162414,-0.2768656316996916,0.05431625,-1.1046137757483285,0.05170821,0.4492257088904216,0.06427648,16.997055,17.663662,16.199543,1.464119,0.95738417,1.2699262,1.4246689,,39.829360460908674,31,-0.011019319,0.25708705,0.033865824,True,0.47907270889042164,0.9329735016030178
458043079420117248,37.669880543263275,57.43125991635569,-0.3489181241088181,0.01660516,-0.9884545897562057,0.017267965,0.4592644518288813,0.02031583,14.59291,14.968663,14.037908,0.9307556,1.0047413,1.2148591,1.5292385,,39.96718139021585,31,-0.0029411952,0.11489543,-0.09206734,True,0.4930854518288813,0.903718152165347
458071421902105600,37.66937527173228,57.61581043762231,-0.3078768212619206,0.082240894,-0.8289069683811475,0.087796696,0.6526048140012649,0.11160878,17.794613,18.64501,16.9019,1.7431107,1.0239494,1.2892181,1.3743224,,40.13550832081298,31,-0.13923056,-0.10998361,0.0572387,True,0.6814218140012649,0.9049831670500212
458016519341728256,38.22475435323174,57.43493085906427,-0.25089885160700054,0.04245178,-0.8189937124542965,0.043608777,0.50309918335949,0.05314366,16.42607,17.041325,15.660544,1.3807802,1.0979798,1.2634611,1.4421463,,39.84839414959892,31,-0.11222906,0.14851797,0.093678966,True,0.53228418335949,0.9388466234741254
458020711229554944,38.03700541597474,57.5173333589343,-0.27741739147322747,0.025356887,-1.1272353521467224,0.02779436,0.4108060205905451,0.03212734,15.482453,15.931912,14.852843,1.0790691,1.0318615,1.2311063,1.4983815,,39.96480423138624,31,-0.1360785,0.10572458,-0.029573021,True,0.4443400205905451,0.9427347356811892
458011812057291520,38.482351090155205,57.49616581684387,-0.2513409075876263,0.020573005,-1.0980014813519365,0.021301877,0.4486145874416146,0.0266173,14.809228,15.198593,14.22901,0.9695835,1.0040156,1.2249568,1.5232164,,39.848059168987795,31,-0.25495997,0.20368463,-0.017627899,True,0.4823775874416146,0.950818926681751
458066684561120000,37.79445856647881,57.50659683296078,-0.2535469916111301,0.025922317,-1.0391668647807277,0.026527287,0.39794392833551734,0.030641573,15.36436,15.792352,14.753049,1.0393028,1.0169283,1.2281153,1.5051262,,40.00836761927635,31,-0.18403815,-0.057655144,-0.014001514,True,0.43146392833551733,0.956993462540037
458074308120185600,38.088449044349545,57.63553036218537,-0.30231099199078515,0.102993086,-0.9777582669332681,0.101279035,0.6484911149443604,0.12824616,17.926538,18.785465,17.011986,1.7734795,1.0432605,1.3060852,1.3634955,,40.06138885984246,31,-0.25065926,-0.19132584,0.072091185,True,0.6763121149443604,0.9110937934703305
458020883028245376,38.0664779917279,57.51626842381908,-0.2293187643361303,0.0522501,-0.9519435122379846,0.053120445,0.4435101887448609,0.06391144,16.90763,17.66471,16.03247,1.6322384,1.0151715,1.3035986,1.3973063,,39.957363857942845,31,-0.053872842,0.045764618,0.06068391,True,0.4741631887448609,0.9428313163014131
458021295345076992,38.050701413728305,57.558516178113116,-0.28413934691705345,0.03372621,-1.1024989345216594,0.03394116,0.4243518121902862,0.04192627,16.138695,16.726057,15.392624,1.3334332,1.0203494,1.2590408,1.4482061,,39.99938268314597,31,-0.2008652,-0.024219828,0.052870087,True,0.45327781219028623,0.944121633020769
458015248031238400,38.21078194926351,57.38565940514542,-0.2945834811396554,0.019215606,-1.0793999260024352,0.018970435,0.40073379731015135,0.023131512,14.756104,15.225957,14.106778,1.1191788,1.0814258,1.2359616,1.4894611,,39.80644940686615,31,-0.0637799,0.16353735,0.10827481,True,0.43483079731015134,0.9510400983388879
458013564404094720,38.1865206578328,57.33669829826959,-0.2694602807832205,0.049690716,-1.160829591541731,0.051328707,0.4199987091587175,0.058478825,16.82662,17.60495,15.963413,1.6415367,0.9941725,1.2862766,1.3933132,,39.76704577984462,31,-0.16282836,0.066850305,0.21677196,True,0.4507817091587175,0.9152283573648734
458066547122174976,37.76425575458088,57.477631984379045,-0.31584604022595075,0.046411105,-1.0432882808370565,0.048898738,0.37962878066578504,0.054318156,16.737892,17.421345,15.928591,1.492754,0.98276633,1.273463,1.4240323,,39.988615867359336,31,-0.18174396,-0.06402299,0.0542887,True,0.40933478066578505,0.9339851673799724
458069295901170304,37.91879969308353,57.62237415952738,-0.26612435621608754,0.036993805,-0.8965609172698763,0.037639324,0.09629431149811088,0.04632008,16.308918,16.780582,15.651739,1.1288433,0.99565333,1.2407333,1.4869379,,40.08659167033818,31,-0.14552644,-0.09836402,0.072705604,True,0.12482431149811088,0.928541337809613
458080187938141312,37.878764730321386,57.789447681355945,-0.2618067189736834,0.05781031,-0.9822606859673761,0.060326494,0.5061305780662512,0.07018497,16.942425,17.661873,16.013851,1.6480217,1.0816193,1.3638585,1.3924437,,40.24770597922459,31,-0.21683028,0.061066724,-0.090777725,True,0.5369815780662511,0.9477257667346796
458071804162078080,37.652641684515686,57.6438988511072,-0.29834534435486243,0.050267596,-0.9167510078187149,0.05143658,0.41929496648822195,0.061882947,16.81386,17.34603,15.805747,1.5402822,0.98522717,1.5094867,1.4056047,,40.16479320730191,31,-0.16249458,-0.11177513,0.049196534,False,0.449568966488222,0.9454978827081801
458072353917880832,37.79415375467122,57.646387573418046,-0.3045166201852165,0.02977443,-1.097697086659685,0.031453717,0.4269301357694778,0.037060738,15.79292,16.2872,15.120263,1.1669378,1.0201621,1.242122,1.479257,,40.13588787890131,31,-0.14378731,-0.122187145,0.01574983,True,0.4604431357694778,0.9397083095060961
458060431087673600,37.43062962737956,57.6127080098101,-0.28786766927268237,0.024263391,-1.0859284087708436,0.026652215,0.3563142114928423,0.029574865,15.338909,15.800659,14.695078,1.1055813,1.0277103,1.2356205,1.4939057,,40.18545076383469,31,-0.037608918,-0.061755423,0.16016166,True,0.3899052114928423,0.9484585860077926
458071804158161664,37.65354961170243,57.6441779910885,-0.2730416039643353,0.066806525,-1.0004624795425228,0.06928605,0.43487048671357925,0.084205054,17.257452,18.028673,16.339476,1.6891975,1.0518488,1.3368347,1.3834294,,40.16484729745132,31,-0.17335938,-0.13994253,0.06709297,True,0.46633348671357927,0.9392748226135128
458022738454120576,38.23924453854871,57.488812070545954,-0.28237003056895055,0.02867837,-1.070197739562058,0.031993784,0.375388698602345,0.036013525,15.395301,15.95591,14.66632,1.2895899,1.2276407,1.2565049,1.4570633,,39.89443492124184,31,-0.13323833,0.004432981,0.07308817,True,0.409443698602345,0.9514036456395067
458023047691993728,38.3485161678715,57.5202740817849,-0.2256259535330964,0.025197562,-1.1583222500231274,0.025886763,0.4493676471028626,0.033184018,15.272631,15.701008,14.6589365,1.0420713,0.98142743,1.2295663,1.5065842,,39.8992860876731,31,-0.21386024,0.043780938,0.080706224,True,0.4829676471028626,0.9140172309478959
458024044124101120,38.42037985082157,57.56849767737173,-0.3140873727685829,0.030621948,-1.1346439484989146,0.033032127,0.42456188031329634,0.039963234,15.716344,16.155552,15.099529,1.0560226,1.0145352,1.2268468,1.5013689,,39.927667940454995,31,-0.24469428,0.17868376,-0.0052036275,True,0.4579348803132963,0.9191490405431533
458026719880692096,38.257887363230246,57.601687019675914,-0.32534524322497926,0.012800692,-1.0631096964376638,0.013877468,0.4153669555703752,0.016368099,12.150561,12.459872,11.648425,0.81144714,1.2799578,1.2138834,1.5538272,,39.99343866080535,31,-0.15221614,0.06158339,0.02621636,True,0.4381389555703752,0.9315007558346815
458022493632894464,38.28413906376575,57.46967137925514,-0.27268476273930736,0.012452942,-1.1037223950514161,0.012899295,0.4083877699446626,0.014857076,11.844423,12.213348,11.267844,0.9455042,1.1677108,1.232182,1.537621,,39.867127975246646,31,-0.20898351,0.09743226,0.05869255,True,0.4511267699446626,0.9535281332090533
458084757783207680,37.54947697623128,57.735203828477026,-0.2756333029049364,0.04043907,-0.9718388017863278,0.043663032,0.44377329805383503,0.048799153,16.414705,16.99399,15.681227,1.3127632,0.99606687,1.2525449,1.4528171,,40.270717318000656,31,-0.06423888,-0.0024519356,0.11193816,True,0.47272429805383503,0.9566266434256946
458077164281156864,38.1710968672706,57.767102563337744,-0.29135017368494925,0.043613516,-1.1751419306512412,0.04580413,0.40820089596896453,0.050949752,16.435905,17.067093,15.668835,1.3982582,1.0890679,1.2586834,1.437946,,40.163377353952214,31,-0.21008512,0.039186493,-0.1167029,True,0.43742089596896455,0.907729988126306
458067474835079680,37.80065174269086,57.56248669365491,-0.22514140736194144,0.032978162,-0.7884960812365007,0.035518784,0.29138090032061675,0.04403332,15.979557,16.540524,15.259871,1.280653,1.0652502,1.2493408,1.4580479,,40.05796642252014,31,-0.13155186,0.03902344,-0.004820085,True,0.32314890032061677,0.9026932657036317
458074518581381504,38.00891585792609,57.645539225129646,-0.20162661650726688,0.054712918,-0.9501793557847014,0.054731403,0.47412980245883063,0.067061245,16.862003,17.56658,16.032814,1.5337658,1.0318819,1.2824147,1.4148484,,40.08794648847948,31,-0.24980496,-0.13225265,0.030049222,True,0.5041458024588307,0.9247666768180401
458075892970869504,38.0294044770781,57.72205801984411,-0.2873055138430277,0.011703178,-0.9602795882518549,0.0123937875,0.3852113041468548,0.014131751,12.749138,13.07477,12.246221,0.8285494,0.97709143,1.2062266,1.5548737,,40.1532564520132,31,-0.16327858,-0.056342945,-0.038301904,True,0.4076393041468548,0.9628016135830313
458071357485492096,37.601554696060624,57.62893946259819,-0.28025292921988076,0.027659241,-1.0116523505852852,0.028226458,0.4306809045519693,0.034473237,15.588807,16.048214,14.95177,1.0964441,1.0086206,1.2318941,1.4946033,,40.16243749587576,31,-0.12787853,-0.10712743,0.018909445,True,0.4641259045519693,0.9602025768960699
458072731874965376,37.872646688742165,57.70231163456459,-0.26011237193593145,0.03104493,-0.9615739440491955,0.031280708,0.4235523666402028,0.037175104,15.655406,16.117105,15.017201,1.0999041,1.0845414,1.2317069,1.4954447,,40.16961735461982,31,-0.16941813,-0.026759008,-0.02360247,True,0.4569463666402028,0.960322102638297
458025487233082112,38.40134526799842,57.61673947278843,-0.3161985639946065,0.04687163,-1.071241853221763,0.04982216,0.4950471416716949,0.056353837,16.539505,17.233828,15.731809,1.5020189,0.9706278,1.2683039,1.4208826,,39.97588987566516,31,-0.23994233,-0.09821639,0.095941275,True,0.5247231416716949,0.9321995586004441
458025212355181952,38.43208314741314,57.600698040525636,-0.2610218425025549,0.019847915,-1.15238401090273,0.024384117,0.3585235095744944,0.026695868,11.342761,11.614619,10.895773,0.7188463,1.2526433,1.1999226,1.5819155,,39.954538778955644,31,-0.13161801,0.09789893,-0.03647069,True,0.40522350957449443,0.9351971793831215
458025792166826240,38.21075641562222,57.51815983580285,-0.27331947656004274,0.042273473,-1.1794037260880867,0.041224215,0.38688954708434337,0.046818692,16.326931,16.904964,15.59132,1.3136444,0.98798305,1.254662,1.4541762,,39.92747208497967,31,-0.1559155,-0.009833494,0.105425276,True,0.41583254708434336,0.9100137629489835
458026346226583296,38.277704620951276,57.5707725946536,-0.2571610685673765,0.013404251,-1.067688746077267,0.014385029,0.43058609660471275,0.01665064,12.067085,12.403794,11.552276,0.85151863,1.2659886,1.2081401,1.5505366,,39.96087887504067,31,-0.16658409,0.07407221,0.028583005,True,0.45899609660471274,0.958595359135063
458026964701879936,38.11707313585051,57.58399866433549,-0.2984380843713211,0.030362288,-1.1234365959858559,0.0329347,0.4265208644997039,0.038228262,15.794004,16.302612,15.115789,1.1868229,1.046024,1.2401057,1.4750531,,40.008091622447836,31,-0.20944116,0.008969231,0.09146854,True,0.4601258644997039,0.9351121895523172
458024044124105984,38.429302874127586,57.56130127371466,-0.1948325715978782,0.0216381,-1.0605285387468018,0.023592554,0.4415225048688697,0.028517,14.82047,15.172441,14.286731,0.88570976,1.0956321,1.2126107,1.5392908,,39.919147753057295,31,-0.17670467,0.12649062,-0.09904061,True,0.4751145048688697,0.904715197890215
458021982539875584,38.39303077617271,57.47000663490961,-0.25695167895345455,0.018676287,-1.0586008509490854,0.01959617,0.45880160499334793,0.023635251,14.754954,15.160647,14.169641,0.99100685,1.0343237,1.2207732,1.5187058,,39.843635613142595,31,-0.21482246,0.117740646,0.056326646,True,0.49264060499334794,0.9590167691080888
458074965257964288,38.06605753267376,57.670091171285414,-0.20670633016181034,0.020970002,-0.9477128735324262,0.021564629,0.44186406373668224,0.025547223,14.957175,15.364848,14.364234,1.0006142,1.0526925,1.2249522,1.5168991,,40.09782602126441,31,-0.21136715,-0.08631852,0.02831396,True,0.47550006373668224,0.9342556991603579
458075652452721664,37.972397421557694,57.69763694895373,-0.32244330168254964,0.015031314,-1.0194562685303228,0.016067917,0.37048668252205486,0.018767204,6.778999,7.237302,6.114681,1.122621,0.99171495,1.2516357,1.4996701,,40.14347123148118,31,-0.11839922,0.0014599522,0.086153984,True,0.40109568252205485,0.9394924829266847
458078985347314432,37.902226694287656,57.753127702235226,-0.26052557222519374,0.012332188,-1.0841773346124546,0.0133340685,0.39087827658429486,0.015615205,9.68977,10.142195,9.051745,1.0904493,1.1058384,1.2356473,1.5036279,,40.20945352908798,31,-0.14990747,-0.03219202,-0.012424495,True,0.41831527658429485,0.9556164705943214
458072491356823424,37.84829974764593,57.658348554802245,-0.33170160523720943,0.026852619,-1.1224002657377117,0.029022422,0.4378497430944906,0.034753338,15.491931,15.940935,14.865606,1.0753288,0.99265,1.2290363,1.4993942,,40.134885002681195,31,-0.06068064,-0.1251096,0.07727174,True,0.4713097430944906,0.9055367919205974
458074587300846464,38.05927015486202,57.66008155022,-0.30927509220044325,0.057066236,-1.0760128118713808,0.056488708,0.34868063552148587,0.06875053,16.948519,17.6528,16.128035,1.524765,1.0320917,1.2753035,1.4139483,,40.09017993645403,31,-0.15864487,-0.14634553,-0.034266863,True,0.3787746355214859,0.9229440134940483
458075446294295552,37.99852996455625,57.687845131982044,-0.31919198642660684,0.011644442,-0.950320661513171,0.011561683,0.4440248505556562,0.014110961,12.675394,13.035081,12.13688,0.898201,1.0199537,1.2119308,1.5411832,,40.12881308142068,31,-0.20728905,-0.040217906,0.0036981793,True,0.46516785055565624,0.9482467680369417
458082215162654592,37.90041400153249,57.885865088658505,-0.20995577013232586,0.018984988,-1.055938393093438,0.022455385,0.4338325812017283,0.02442995,14.774811,15.235342,14.116824,1.1185179,1.0642896,1.2461482,1.4925497,,40.330836879159975,31,-0.041455813,0.12778871,-0.048517227,True,0.46771858120172827,0.929696603800056
458040193202150528,37.58353221891327,57.2933454974917,-0.24220547402015888,0.06182982,-0.9072089259547852,0.06543636,0.3611264129557114,0.07421782,17.218964,,,,1.0323592,,,1.4147323,39.86056561385007,95,-0.14208812,0.17721105,0.01938013,True,0.3931074129557114,0.9332004179206473
458039540367121920,37.68996338449569,57.27995253657333,-0.31372907701204694,0.041329272,-1.108937988773465,0.04045567,0.2742702206309173,0.04793647,16.615274,17.428436,15.726416,1.7020206,1.0094444,1.2973841,1.3839518,,39.82475390601036,31,-0.09443396,0.15413536,0.00035875515,True,0.3053462206309173,0.9149085491130589
458027377018704768,38.112765869930506,57.63368334519331,-0.2475305738400453,0.03436838,-1.1789306480766626,0.03380996,0.3523961602428317,0.04051977,15.992394,16.50005,15.313694,1.1863556,1.0068918,1.2408547,1.4769644,,40.054379746431884,31,-0.28815967,-0.09858164,0.029738395,True,0.3836221602428317,0.9101283036048052
458023906685162112,38.404354463838764,57.55054798433777,-0.25537232386533476,0.029228404,-1.0640412363868454,0.03212651,0.50756360496773,0.044082444,15.72685,16.248013,15.0312195,1.2167931,1.0169084,1.2475972,1.4711022,,39.91476101602487,31,-0.17997889,0.10185329,0.140672,True,0.54128160496773,0.9541502852608075
458025006196770816,38.32613488396767,57.5844923238929,-0.19940953488631263,0.04727532,-1.099991695514734,0.0499748,0.4763322523992926,0.05918531,16.66812,17.39191,15.837924,1.5539865,0.93371826,1.2766048,1.4127369,,39.962834104834656,31,-0.18755077,0.032393713,0.06365499,True,0.5063102523992926,0.9056842722358218
458025246714912000,38.447434209699054,57.61273973709261,-0.30219351986797005,0.03308298,-1.110483213565483,0.035617005,0.4340537135762838,0.03954379,15.816291,16.29233,15.157995,1.1343346,1.0037414,1.2396387,1.4865249,,39.96219804355647,31,-0.07789733,0.08797971,0.060378935,True,0.4675277135762838,0.9363842990283754
458025384153848320,38.492872094793746,57.63981064225176,-0.27754183427962426,0.029532488,-1.0579497458210971,0.034439255,0.4958349317809646,0.03875309,15.688761,16.129604,15.0692835,1.0603209,1.0470288,1.2279415,1.5007204,,39.977046457110646,31,-0.18796659,0.012343344,0.06306227,True,0.5292149317809646,0.9557339178692598
458101594053050240,38.90977930948018,57.522636786039826,-0.2799975721533318,0.029630713,-1.1329728528845704,0.03316082,0.450259490502371,0.042474378,15.761492,16.241179,15.100322,1.1408567,1.0009212,1.2401154,1.4839588,,39.77947559442282,31,-0.048176315,-0.024102995,-0.21576907,True,0.483856490502371,0.9397418140943433
458103621277588736,38.97318877732704,57.58900650973996,-0.22838861888578044,0.051296283,-0.9443147995717959,0.04917387,0.5229806935419079,0.061189543,16.757961,17.539091,15.855951,1.6831398,1.0552819,1.3192842,1.3918449,,39.82652599423344,31,-0.13871694,-0.06688458,-0.019729476,True,0.5537796935419079,0.943437953961499
458074312422947584,38.11032201792887,57.638174672665656,-0.31035398424468036,0.014024566,-1.1225679381365306,0.014138581,0.43034433651612997,0.016898077,13.79625,14.151926,13.258619,0.89330673,1.0992675,1.2132958,1.5411551,,40.05901335638886,31,-0.21515161,-0.09372819,-0.0026066892,True,0.46462333651612997,0.9327484943327573
458084895222514432,37.50471588676484,57.73089576746008,-0.30534021458778493,0.03928409,-1.0028566287270748,0.04066329,0.4215633551995702,0.046150535,16.301636,16.839825,15.601745,1.23808,0.9878957,1.2437558,1.4685937,,40.27667517752657,31,-0.055123437,0.04637942,0.10889018,True,0.4502603551995702,0.9489462603327415
458092007688139776,37.71534334263836,57.81001415283011,-0.27346365068263967,0.018624017,-1.1424131648853986,0.020619288,0.43706369333751327,0.022832474,11.398036,11.708887,10.903599,0.8052883,1.183481,1.2083868,1.5623915,,40.30232263104999,31,-0.07562091,0.05995729,-0.009377692,True,0.48225669333751325,0.9423188641422391
458074346782689152,38.06916516720173,57.63892057508311,-0.2592742967955684,0.026604865,-1.1599115036507195,0.027109941,0.39753314427461556,0.032974817,15.382931,15.820879,14.757539,1.0633402,1.0533534,1.2333008,1.5010786,,40.06870551205007,31,-0.16064392,-0.10870662,-0.05409644,True,0.43106314427461556,0.9300724758297004
458078091994070528,38.138331573210635,57.81415674844117,-0.2576515896520978,0.05087885,-0.9017808554973135,0.051861543,0.36051939406801564,0.058439862,16.819086,17.491564,16.016632,1.4749317,1.0398606,1.2718143,1.4216658,,40.213457206697534,31,-0.19233638,0.07787654,-0.09867029,True,0.39031039406801565,0.9436780600290889
458042186066920576,37.752735553686,57.41935574165733,-0.2997281509304559,0.010862111,-1.0705418440633014,0.011116451,0.4234587919355211,0.0133783715,13.424524,13.726038,12.946665,0.77937317,0.9833187,1.2030344,1.5665293,,39.938014286645426,31,-0.10040276,0.08571532,-0.028815161,True,0.4579417919355211,0.9527048373030024
458028064213786752,38.3106755170071,57.62707377426883,-0.31639954723491215,0.04071029,-1.0760657114052141,0.04464758,0.3738572012281746,0.049101572,16.312775,16.915533,15.562025,1.353508,1.0580257,1.2567117,1.4463665,,40.00509680608449,31,-0.2298114,-0.110578574,0.18205082,True,0.4028942012281746,0.9290987390606815
458039196769744896,37.63221948324927,57.27030066167504,-0.3483592440532321,0.025092322,-0.9730867054159666,0.02375323,0.4048901326769653,0.02871725,15.442809,15.843809,14.861126,0.9826832,1.0226976,1.2205262,1.5179659,,39.82875042082771,31,-0.084291905,0.19195423,-0.07004157,True,0.4382871326769653,0.907397365566845
458025590312275584,38.39677648138782,57.66089901305373,-0.24521447491355358,0.022884874,-1.0582953495393204,0.02479749,0.395890157989136,0.02629639,15.065804,15.471324,14.477262,0.9940624,0.991503,1.2230012,1.5154325,,40.01722301933859,31,-0.1154298,-0.03854654,0.020333111,True,0.429495157989136,0.9534581981689353
458026002629222016,38.215421612557954,57.551874737058675,-0.30341830561935185,0.01907811,-1.1791239983999557,0.021153195,0.4218837445739611,0.024016758,14.738852,15.200135,14.089993,1.1101427,1.0713823,1.2393596,1.4943541,,39.95723765755727,31,-0.13055052,0.031890392,-0.019107088,True,0.4558997445739611,0.9127618449175217
458028304731629824,38.25219159062072,57.632988498218985,-0.2812914255919998,0.047927715,-1.0834114753865463,0.05151721,0.4875566505977289,0.056765262,16.603848,17.294693,15.774576,1.5201168,1.0300176,1.2873073,1.418949,,40.02326306716175,31,-0.12634732,-0.021850564,0.19284771,True,0.5173146505977289,0.9416882696129265
458081768481793664,38.042695650866875,57.907987808214834,-0.22942617228535211,0.07900076,-0.9767231849729708,0.08578329,0.6306805865505289,0.092668414,17.601765,18.419554,16.607302,1.812252,0.99951094,1.3934252,1.3690889,,40.319900693655136,31,-0.22427101,0.18898341,-0.18530983,True,0.6619135865505289,0.924350751409692
458081734126305792,38.073582435063834,57.89286708106154,-0.245118653765514,0.014241068,-0.9983974518039125,0.015722292,0.40125848819942234,0.017168533,14.143757,14.531909,13.571312,0.96059704,1.0167385,1.2203995,1.5248955,,40.299372982450805,31,-0.16099139,0.106455214,-0.071872905,True,0.43530948819942233,0.9608933187776411
458047507525281152,37.5318484958761,57.53752156697759,-0.3389093383354421,0.049831208,-1.0726228992891063,0.049471118,0.4590162622309576,0.057985228,16.751745,17.154673,15.856529,1.2981434,1.0062349,1.4604387,,1.4339913,40.09456328909588,95,-0.14895798,-0.04621337,0.06466576,False,0.4886982622309576,0.911836152095148
458047473164127488,37.520696662585266,57.524526453419895,-0.26067636439687725,0.02241191,-0.914810501858013,0.023019442,0.4286107573360226,0.028106194,15.190945,15.619949,14.569996,1.0499535,0.9781073,1.2342505,1.5046923,,40.08519312564389,31,-0.1393062,-0.015503392,0.019162463,True,0.46221675733602263,0.9620224782566211
458029919639295104,38.2731598227128,57.72997515958025,-0.2405138579729223,0.0180726,-1.14857316014082,0.018907305,0.39500740249094024,0.020713266,14.62639,15.022452,14.047859,0.97459316,1.0031981,1.220726,1.5213583,,40.107230746514574,31,-0.28045857,0.07216313,-0.008684891,True,0.42882140249094025,0.930801449629837
458101903290712576,38.74169856168316,57.485105453740665,-0.27238282862113133,0.055330712,-1.1299851206407552,0.058106195,0.3860191641994018,0.07473235,17.011278,17.851498,16.11306,1.7384377,1.0569509,1.2972064,1.3784429,,39.78154353213993,31,-0.16288619,0.023654187,-0.024779536,True,0.4176051641994018,0.9207091894505159
458083486473122176,37.59988194101953,57.65231493141875,-0.3008704336288061,0.021734681,-1.0779284232660848,0.024120715,0.403870008204484,0.028493537,15.180954,15.629009,14.553179,1.0758305,0.96708626,1.2304567,1.4988574,,40.18410135914251,31,-0.063634895,-0.024793755,0.10115729,True,0.437506008204484,0.9478041208184641
458081081291308672,37.95577294365895,57.837264005489665,-0.25423990419112386,0.05483806,-0.9646107213763484,0.057041977,0.4424959468447409,0.065018006,16.895844,17.664248,16.028313,1.6359348,1.0778372,1.2932512,1.3950354,,40.27442372186201,31,-0.18727207,0.106933065,-0.11399117,True,0.4732069468447409,0.9480720291642418
458101765846371200,38.82664038056163,57.48041838571521,-0.2480225768108058,0.027714457,-1.154452090008177,0.029612117,0.4773406817363237,0.03691273,15.650218,16.080727,15.035604,1.0451231,0.99169886,1.2292368,,1.5114669,39.75883454700215,95,-0.09734625,0.02736582,-0.10326273,True,0.5096736817363237,0.9303606673261484
458067474835081472,37.78085351407155,57.561568355831135,-0.32092379522268444,0.016788699,-0.9272463436944702,0.018152673,0.6364148251024032,0.021951282,14.5388975,15.232507,13.722096,1.5104103,1.0107164,1.2760142,1.4186858,,40.06149061872201,31,-0.1471014,0.10032344,-0.11298251,True,0.6713848251024033,0.9353690314493524
458086303971426560,37.54851733625249,57.76104781577843,-0.23172754332670636,0.028431637,-1.0169125341259684,0.030745298,0.373412366523913,0.033304654,15.591537,16.128126,14.887493,1.240633,1.0445442,1.2474823,1.4643238,,40.2944612209994,31,-0.07790499,-6.4556705e-05,0.14315891,True,0.407152366523913,0.9493040091767228
458070910808926976,37.60855837831935,57.563145114080534,-0.31541493904826656,0.08591306,-0.8776894503160719,0.087422125,0.3960805283325875,0.09965864,17.736095,18.44853,16.939764,1.5087662,0.9511769,1.2527512,1.4115225,,40.100944945581595,31,-0.15435454,-0.1400192,0.053459875,True,0.4241875283325875,0.9077681304808859
458071769802333184,37.62683498151004,57.658154952544855,-0.279038881455881,0.0494366,-0.9904297150112219,0.052414283,0.48929837999236875,0.06090585,16.747105,17.575123,15.841863,1.7332602,0.9665224,1.3072345,1.3825324,,40.18347399794574,31,-0.072052315,-0.01204171,0.05298809,True,0.5204873799923687,0.9519201421829446
458047408747129344,37.55568327172104,57.542428709432336,-0.31774853833357597,0.080870114,-0.848148665031468,0.08215984,0.5078364534036337,0.09917831,17.699308,18.520433,16.81319,1.707243,0.92599,1.2924727,1.3773478,,40.093759857956705,31,-0.14808269,-0.07350488,0.012967613,True,0.5375674534036337,0.9121190529035049
458114616393784448,38.93268120806964,57.77631483000711,-0.2097380465092326,0.03556428,-1.0570830517537904,0.035983346,0.38285627794806587,0.042823274,16.182816,16.770525,15.435396,1.3351288,1.0697808,1.2599465,1.4447373,,40.00665841147011,31,-0.059509512,0.06707938,0.066158526,True,0.4118542779480659,0.9253806813319692
458107984964329088,38.85940891740047,57.68436624462246,-0.25894754939812015,0.050483674,-0.9445423221149682,0.051566128,0.47418819906656806,0.062223844,16.832388,17.591303,15.924339,1.6669636,0.9761136,1.3319733,1.3905504,,39.93834995809617,31,-0.09242313,-0.0013188124,0.115499385,True,0.5050771990665681,0.9514683928482379
458106679294307456,38.69562895286725,57.616721447701174,-0.321622434416777,0.01358391,-1.1217408049022881,0.013589962,0.45125163201037427,0.016470624,13.621863,13.99765,13.058225,0.93942547,1.1627089,1.2204477,1.5313001,,39.91191888632636,31,-0.17185369,0.049449377,0.027114624,True,0.48575563201037425,0.920878601128423
458094069272380288,37.9009111358411,57.914052872528984,-0.3182108507104011,0.034654953,-0.8435365560843016,0.0400115,0.3355919071862841,0.04428255,16.173466,17.217897,15.173005,2.0448923,0.9818946,1.3349211,1.3350013,,40.35641467639808,31,-0.03905723,0.13412535,-0.03780453,True,0.3698419071862841,0.9249015176860653
458086681928534528,37.5676049184953,57.80311487538822,-0.3096217733143724,0.01229325,-0.9038060196995518,0.012890005,0.3975504602626364,0.014254781,13.368932,13.7141,12.838974,0.8751259,0.9906504,1.2135141,1.5445505,,40.32855466025195,31,-0.14386608,0.11631538,0.07936592,True,0.4320404602626364,0.951624011051489
458107538287748224,38.81694450194365,57.65000416608946,-0.24094893412063734,0.02156449,-1.1015971298394234,0.022042936,0.42995169035430025,0.026466109,15.121244,15.551065,14.503509,1.0475569,1.041013,1.2316797,1.504014,,39.916093620951806,31,-0.07663336,-0.030217597,0.07362685,True,0.46366469035430025,0.9452828581597762
458108947036982656,38.847720568001186,57.729420329552646,-0.2725062084909789,0.027282026,-1.1272188100629594,0.028130552,0.41466071924799597,0.033275366,15.685308,16.147154,15.033925,1.1132288,1.014254,1.2408952,1.4921069,,39.98208445558171,31,0.00983396,0.047829736,-0.0022088964,True,0.448138719247996,0.9425255405941997
458110630664171008,39.02053560903277,57.68603003691241,-0.2724857843134601,0.018168267,-1.113140341754477,0.01813398,0.39863757345581474,0.02230023,14.799773,15.190755,14.222197,0.9685583,1.01147,1.2224573,1.522782,,39.905124202938026,31,-0.067463145,-0.06341913,-0.045100424,True,0.43239157345581475,0.94933234622107
458075652452720000,37.96936912352251,57.700977787425764,-0.2576881874101169,0.012061471,-1.093662329657425,0.012751617,0.3952741290087584,0.014568986,12.007399,12.347988,11.485195,0.86279297,1.0854115,1.2108641,1.5494187,,40.14718185312423,31,-0.17180367,-0.040411837,-0.007652772,True,0.4277801290087584,0.9538814333386585
458075652452901760,37.97451572377864,57.69379410761292,-0.22533959556781796,0.014031413,-1.0660479133928575,0.014708046,0.41352334807759006,0.0175027,13.888088,14.272183,13.3057575,0.9664259,1.0098647,1.2288218,1.5261738,,40.13950219820786,31,-0.17539804,-0.07729408,-0.055193484,True,0.44779534807759,0.943723344378665
458071563643905792,37.70640685110124,57.64457819571921,-0.2522741660413647,0.07956786,-1.0686053163214237,0.07773615,0.5256132460110378,0.09440956,17.554905,18.356066,16.70454,1.6515255,1.0169066,1.267949,1.3902621,,40.15355955800096,31,-0.23756203,-0.1883876,0.09365819,True,0.5563302460110378,0.9223770720504861
458068539987624320,38.00666192162267,57.60802175288868,-0.2600749355059077,0.05259706,-0.9279283357697653,0.056180194,0.466574473861325,0.06630951,16.896976,17.587172,16.083555,1.5036163,0.99364436,1.2744428,,1.4098035,40.05421431371956,95,-0.08165277,-0.085495725,0.16675286,True,0.498720473861325,0.9492914010553297
458101662772544128,38.80556865656718,57.47646736135615,-0.2269605530893497,0.041058872,-1.1247276631414058,0.043540712,0.4545741278268157,0.05532326,16.506138,17.119936,15.735385,1.384551,1.0166726,1.2681267,1.4414274,,39.75978619133469,31,-0.110619515,0.065710135,-0.12637761,True,0.4838221278268157,0.9235771405235974
458101697132284800,38.776244839805564,57.465031083094026,-0.2717773173495678,0.032777034,-0.9069814056951537,0.034301292,0.08532655243363352,0.0423061,15.907383,16.97326,14.895053,2.078208,1.0058494,1.3411262,1.3296528,,39.755680659949206,31,-0.18432404,0.009875565,-0.036230065,True,0.12457255243363352,0.9328347158772534
458093931833440256,37.87513990756419,57.8831850807477,-0.2525147879087547,0.06475472,-0.8675115924818012,0.072036624,0.2493372352490038,0.07965058,17.187632,18.24856,16.1695,2.0790596,1.1126277,1.3480991,1.3316895,,40.33392806062027,31,-0.13856001,0.17370957,-0.09810806,True,0.2843802352490038,0.9156051452897727
458114135357466240,38.92687023527061,57.7401768923178,-0.1920286319769528,0.052794337,-1.0366539049552168,0.05319138,0.4014072766471667,0.06354315,16.979982,17.78336,16.099245,1.6841145,0.9896152,1.2933747,1.3866125,,39.97485120074355,31,0.014769264,0.1390957,0.03686395,True,0.4325592766471667,0.9077081387845414
458106782373516416,38.70251400953278,57.63470020544732,-0.26110433557301926,0.015019612,-1.0898089527221217,0.016882814,0.39910055791539056,0.019267261,11.05392,11.350863,10.5758295,0.77503395,1.1190299,1.2054906,1.5705708,,39.92686671906384,31,-0.0833099,0.0065921196,0.1492629,True,0.43568155791539054,0.9546649944565141
458107572647480320,38.83083560393064,57.66498037292378,-0.27386162206738174,0.02364246,-0.8345914585660901,0.0232889,0.5030650507394929,0.027135221,15.119349,15.600669,14.458624,1.142045,1.062113,1.2390966,1.4846905,,39.9267898174199,31,-0.005990004,-0.03644362,0.055068016,True,0.5369600507394929,0.9533948342968458
458108259842465536,38.77311852937652,57.65838281506401,-0.21780167106565923,0.027071953,-1.0680615034034937,0.02692334,0.4601523536306747,0.03360763,15.493618,15.95364,14.857215,1.096425,0.98785126,1.2311833,1.4956667,,39.933236284176616,31,-0.111050025,0.061758243,0.03962181,True,0.4937193536306747,0.9361097387436036
458108397281195648,38.803567587040895,57.67979727083432,-0.3051893963101578,0.046582684,-1.1554216784864622,0.045969836,0.3892957666646487,0.056125347,16.700254,17.362818,15.90908,1.4537382,0.98921674,1.2662854,1.4288918,,39.94623642779842,31,-0.091626786,0.00775678,0.102265365,True,0.41887076666464873,0.907519779138266
458109565512292352,39.110368839962256,57.65283826087692,-0.20379315884875865,0.053295128,-1.0661497662140134,0.051903963,0.3351565043711449,0.06257324,16.999361,17.725246,16.168364,1.5568829,1.057993,1.2765553,1.4057065,,39.85540367955335,31,-0.047294967,-0.027660336,0.011363091,True,0.3655625043711449,0.9087597219661618
458079981779720832,37.768760735509794,57.78324237290442,-0.2809301907701298,0.046503026,-0.8617413712466561,0.04945017,0.29293678520654387,0.055869155,16.541258,17.180054,15.766841,1.4132128,0.93838483,1.2616414,1.4312234,,40.266194440728654,31,-0.1677402,0.05710674,0.04681506,True,0.32233478520654385,0.9353958084399311
458074862178734208,38.1518050283969,57.68113092871442,-0.2795283557305851,0.03949174,-1.1061269853314022,0.040148746,0.4170967880748474,0.04592086,16.285007,16.857428,15.540758,1.3166695,1.0007268,1.2634894,1.4542133,,40.08914056677045,31,-0.22936821,-0.100032195,0.039165627,True,0.4459937880748474,0.9407355310158295
458126333064054528,38.43796704620315,57.9179273212511,-0.27571272505993494,0.056579147,-0.9028883962518863,0.05842374,0.24489774837265066,0.06910928,17.107712,17.863485,16.249184,1.6143017,1.044715,1.2897023,1.3964089,,40.2429789240108,31,-0.093425654,0.21132374,-0.14478505,True,0.27568974837265064,0.9310469450264174
458117090294906496,38.96957140945222,57.850366756459884,-0.20167658238392452,0.02328001,-0.834521809385536,0.023953903,0.3901185370894023,0.028587941,15.198136,15.667349,14.544242,1.123107,1.0080453,1.2394668,1.487176,,40.06645730584202,31,0.013413923,0.26114848,0.08534519,True,0.4238985370894023,0.9043223994147961
458109428073355392,39.06539438865827,57.62623747520762,-0.2287708491767524,0.011965724,-1.1533119453146505,0.012218659,0.4175841316569351,0.014657912,13.77011,14.106137,13.25076,0.8553772,1.021661,1.2113087,1.5490487,,39.84072924597507,31,-0.06331777,-0.058039717,0.016012464,True,0.4519131316569351,0.9208771909573491
458110321426509184,39.15475083521695,57.706155977479334,-0.18614038343329747,0.043657802,-1.0074513840583104,0.044693172,0.4721662315361631,0.05106464,16.596546,17.252441,15.808051,1.4443903,0.98230565,1.2665606,1.4267715,,39.894682083341884,31,-0.13535883,0.10770791,-0.01527627,True,0.5017402315361631,0.908483898490793
458107297769581568,38.880319980887116,57.6387463451144,-0.20164294255030712,0.023143109,-1.081677463598254,0.024481086,0.42312420537718876,0.029502505,15.295897,15.737786,14.668477,1.0693092,1.0119895,1.2329444,1.4994217,,39.89209775609168,31,-0.08384229,-0.061736528,0.10783319,True,0.4567842053771888,0.9103861092516194
458081699766568192,38.06043671593131,57.892385640840814,-0.30392295749621173,0.014517135,-1.0559704778047254,0.016490294,0.400867171817886,0.017983673,14.232737,14.627805,13.6521015,0.97570324,1.0693969,1.2225786,1.5217615,,40.301803040508815,31,-0.1670435,0.10799172,-0.07229492,True,0.434878171817886,0.95129271686616
458114513314555520,39.02378065608284,57.790916850272026,-0.22189209661266435,0.06082411,-1.116323074485049,0.06075374,0.45566431735419477,0.0743327,17.194485,17.941088,16.354588,1.5865002,0.99095064,1.2769794,1.4035112,,40.000412010509045,31,-0.04758461,0.17073877,0.015835492,True,0.48625331735419475,0.9127733814314566
458118602123060864,38.552115509708806,57.66134558427379,-0.23596757954581282,0.06695465,-1.1161202555080103,0.06611615,0.5780832032649794,0.0825443,17.255678,18.095423,16.359735,1.7356873,1.0085372,1.2953382,1.3786436,,39.98385089049803,31,-0.09848795,0.03543928,0.05907614,True,0.6097922032649794,0.9127582552095334
458120526268371456,38.685604927313946,57.74131849770543,-0.20556719896061387,0.022410316,-1.0958639679217508,0.023127504,0.37518178491774573,0.026046742,15.049746,15.428033,14.481406,0.94662666,1.0621179,1.2223364,1.5260118,,40.02800453634974,31,-0.07335625,0.12544884,0.011211564,True,0.40869478491774575,0.9096282992154185
458122312974713216,38.6037001286037,57.83722188084159,-0.2725596664478728,0.026728487,-0.888237995696542,0.027406462,0.16291645440072233,0.03257703,15.740454,16.801964,14.725562,2.0764017,0.9780556,1.3447471,1.3316069,,40.133373269734484,31,-0.024743814,0.17579691,0.0045934655,True,0.20206345440072232,0.9421529034741337
458113894839555840,38.975617267189406,57.728686872391094,-0.2660146787357508,0.033110883,-0.8448619244158468,0.033445586,0.48390805533709935,0.040146254,16.089937,16.73041,15.305707,1.4247026,0.9880813,1.2688198,1.4307951,,39.953835376667236,31,-0.00039439104,0.105742514,0.022178015,True,0.5133720553370994,0.9513396927697106
458080187938140800,37.88009146151673,57.78979335046055,-0.2938047097914932,0.023160875,-0.8324679990209182,0.024264304,0.23405586895555913,0.027833305,15.147908,16.399641,14.0461445,2.3534966,1.0637438,1.3901954,1.2989187,,40.24773014648174,31,-0.2173144,0.048434183,-0.057828162,True,0.2768048689555591,0.9344014763999022
458120354469696768,38.68275488156594,57.70956361011652,-0.3007216144982547,0.026693014,-1.0790138674099286,0.027636297,0.40064497570287116,0.031217461,15.53774,15.989321,14.901901,1.0874195,1.0506943,1.2344949,1.4965893,,39.99959339361938,31,-0.09512517,0.051961873,0.044200312,True,0.4341539757028712,0.946006753980344
458119220598354432,38.50506353094019,57.65207735707156,-0.3077048124606788,0.017990222,-1.150235600427051,0.018986754,0.4127487115422846,0.02293672,14.650632,15.065468,14.053585,1.0118828,1.004427,1.2244289,1.5121298,,39.985604571496424,31,-0.137208,0.014667018,0.08388211,True,0.4466627115422846,0.9231104324755651
458119220598356480,38.48863153875993,57.64460306813412,-0.24875587874235422,0.022708107,-1.0904249687818715,0.027613083,0.2726911454575052,0.029726807,15.1493435,16.098063,14.187371,1.9106913,1.028428,1.3236198,1.3540711,,39.98234761278397,31,-0.11733993,0.047156993,0.14312598,True,0.3102261454575052,0.9426309306131933
458120320109962496,38.68015489795618,57.696980498530884,-0.31146780734316865,0.031315032,-1.1745109970543128,0.032239515,0.44316921774730317,0.03815491,15.908507,16.427107,15.221306,1.205801,1.0242634,1.2424806,1.4738349,,39.988653272570204,31,-0.1404565,0.034335047,0.09570322,True,0.47652921774730317,0.903133685733694
458118533403585408,38.55636918565353,57.65419364338037,-0.23009813162852907,0.031020489,-0.7956184312809245,0.03316902,0.5098784134396358,0.038249847,15.77892,16.409218,15.005293,1.403925,1.0147425,1.2641828,1.4363201,,39.97639098415011,31,-0.07811956,-0.024281424,0.006145836,True,0.5440524134396358,0.9271723998148211
458093966193174272,37.87480928478434,57.89560721340861,-0.29383485553850563,0.0218847,-1.051794904579126,0.025071273,0.4407782209984372,0.027465299,15.188483,15.598686,14.592572,1.006114,0.9363226,1.225783,1.5144726,,40.34531966266162,31,-0.080113724,0.16693029,-0.0648022,True,0.4742012209984372,0.955594489729156
458100700699871360,38.89601663072493,57.45487491901721,-0.33958460367450194,0.028213875,-0.9652761356584747,0.030112054,0.3614717622263884,0.036932766,15.666653,16.08482,15.070123,1.0146971,1.0338948,1.2225658,1.5122372,,39.7204269229189,31,-0.039019395,0.17515378,-0.0045305765,True,0.3948237622263884,0.9201743499690067
458093137254936320,37.65568987330255,57.86824697890489,-0.3095289029848357,0.011205702,-1.1891434317195686,0.012850529,0.4084459006278127,0.013601493,12.432375,12.730601,11.957891,0.77270985,0.99379057,1.2026715,1.5706099,,40.36847106130431,31,-0.06641353,0.12965676,0.029681176,True,0.4301979006278127,0.9007064462775338
458086407050632320,37.60481718354774,57.785064246513514,-0.28532108994456346,0.036603376,-1.0579110624886026,0.03621946,0.4102195425865873,0.042198524,15.978217,16.504255,15.2867985,1.2174568,0.99409133,1.2424946,1.4708316,,40.30391977242567,31,-0.12738112,0.14991409,0.083281085,True,0.44179654258658735,0.9504722098030681
458081562327628672,38.0385654971557,57.86045665239479,-0.31811789611283986,0.036400516,-1.1005723489507946,0.037846543,0.3607612850756426,0.043242805,16.274015,16.882404,15.512013,1.3703909,1.001403,1.2633144,1.4400678,,40.27746635474978,31,-0.15127482,0.10026475,-0.044124674,True,0.3898382850756426,0.9225244912772944
458115956423557120,39.069532889709315,57.80604845938347,-0.2966373637898363,0.04214267,-0.9149786721678157,0.043976504,0.3912995479478685,0.051741622,16.53449,17.217289,15.728715,1.488574,1.0716856,1.2708203,1.4202381,,40.00442580379736,31,-0.04352988,0.1712376,0.03859582,True,0.42098554794786847,0.9484661146788448
458116059502766720,39.078893374124625,57.81367143321783,-0.2504228202675944,0.012815906,-1.1156945636931495,0.0135154035,0.4242742029959454,0.016223999,13.889342,14.246249,13.3446665,0.9015827,1.0027763,1.2171994,1.5388515,,40.009391418661224,31,-0.073739655,0.13664976,0.001947992,True,0.45851520299594545,0.9479807701135538
458111867614723456,39.15000785028239,57.73280899826734,-0.265537486561744,0.05703181,-1.1448590226424762,0.0557034,0.387460251834659,0.0640937,16.976358,17.708197,16.13723,1.5709667,1.0955242,1.2813255,1.4044607,,39.92010378039401,31,-0.081848316,0.013508339,0.118512765,True,0.41789125183465897,0.9146917486386067
458131658823485312,38.59511776854672,57.91594828061356,-0.20587265845038838,0.026528029,-1.083148820800477,0.025236623,0.4002889509208672,0.029458959,15.52235,15.93425,14.91282,1.02143,1.015149,1.2342058,1.5127988,,40.20714667912596,31,-0.107192464,0.13211305,0.062185127,True,0.4335599509208672,0.9165745749907133
458102831003624832,38.96636988871976,57.53659810081464,-0.25878205178508557,0.011684804,-1.104427137682047,0.012058003,0.4078577590550682,0.015419573,13.601322,13.974364,13.042485,0.93187904,1.0828068,1.2186253,1.5323646,,39.78002393142152,31,-0.14254874,0.04012958,-0.05567066,True,0.4424147590550682,0.9524675598693582
458104652069731456,38.91963850498264,57.62518131452842,-0.22760126694369132,0.018669648,-1.10882162981305,0.01905853,0.4690953078201219,0.023777125,14.842048,15.273165,14.223374,1.0497904,1.0219941,1.2317389,1.5049074,,39.87119391007464,31,-0.1467985,-0.101670675,0.042104464,True,0.5029873078201219,0.9360888852164454
458103243320469504,38.96651740084667,57.58274358045578,-0.26271772402328347,0.020834278,-1.1184466001498168,0.021855209,0.42519488427697893,0.025431503,14.9396305,15.402984,14.291849,1.1111345,1.0438222,1.2376974,1.4920254,,39.82223329703661,31,-0.059872184,-0.06789783,-0.03819181,True,0.45915888427697893,0.9476535175477682
458118636482794496,38.54898740436755,57.676487393994876,-0.32926118075522604,0.03227598,-1.0443843649725748,0.03305869,0.3559927409120716,0.03951686,15.941069,16.541204,15.188019,1.3531857,1.0100121,1.2594998,1.4437233,,39.99836759818865,31,-0.12452393,0.047237474,0.036673244,True,0.38894974091207163,0.926058424972074
458124885653804288,38.57636170692313,57.82557082081349,-0.222749122197259,0.010874745,-0.9975584436829628,0.0123874005,0.43374017555361416,0.0142453825,12.070942,12.38647,11.573106,0.813364,1.0436183,1.2081271,1.5594836,,40.12864798001235,31,-0.08925809,0.12295219,-0.019579459,True,0.4627091755536142,0.9500796225647148
458105545422956032,38.74264509035407,57.56669188617365,-0.3353995673531479,0.013006483,-1.091999805170376,0.014363539,0.4547634588571073,0.018015133,13.87772,14.215466,13.360097,0.8553686,1.060457,1.2093871,1.5483111,,39.855972408877385,31,-0.078502886,0.07622661,-0.104058355,True,0.4890094588571073,0.9093933310382782
458105614142424832,38.800211166152,57.58547412064374,-0.27760687664625483,0.02637296,-0.9253405421519096,0.028450828,0.419729646705237,0.034193393,15.485503,16.058125,14.751252,1.3068724,1.0248725,1.2557522,1.4542766,,39.86068367859752,31,-0.15296015,0.049810667,0.005805015,True,0.45378964670523697,0.961052600158696
458106748013776256,38.7481724023539,57.63427691384913,-0.2901906212061157,0.05419968,-1.1603950914981143,0.057312507,0.41574980231762176,0.069238745,16.9923,17.564278,16.034569,1.5297089,1.0244946,1.4451927,1.4133583,,39.91658951030992,31,-0.11869056,0.0060597965,0.053284306,False,0.4458998023176218,0.9076199654841959
458102418686763264,38.86481974692466,57.552516488071,-0.26023045526042776,0.01886174,-1.1294541915679315,0.020560602,0.43980256857485744,0.024818271,14.884397,15.310961,14.270815,1.0401459,0.98573154,1.2303067,1.5047995,,39.816546577249504,31,-0.15531611,0.06214992,-0.08812085,True,0.47368756857485744,0.945430273527632
458129356721464576,38.91374952493269,57.93404759610374,-0.21530855876386362,0.04359667,-0.987892933681207,0.044022176,0.3790945423842276,0.051607154,16.593964,17.391985,15.711914,1.6800709,0.99749863,1.296233,1.3894163,,40.15498793363573,31,-0.033209752,0.20793745,0.060426533,True,0.40986754238422757,0.9359325238869081
458171309961659264,38.26383311825713,57.82946435214006,-0.3107529790978828,0.069178924,-1.0439300458473895,0.07673602,0.41931896821147047,0.08479185,17.355274,18.126938,16.493143,1.6337948,1.0718864,1.2875355,1.3982828,,40.20006769060759,31,-0.21723749,0.091165856,-0.20149209,True,0.45019396821147045,0.9237889325386617
458173092367217408,38.37927064775119,57.89457759327975,-0.3244698123142278,0.08890382,-0.8862004663892589,0.090536244,0.5491951309661222,0.10874135,17.96928,18.894442,16.996166,1.8982754,1.000139,1.3407897,1.3604269,,40.234398306559406,31,-0.11521518,0.19037303,-0.08888887,True,0.5766661309661222,0.9073400455912697
458107984964328704,38.8611594331078,57.68488916995507,-0.21566671685169939,0.01629357,-0.8993647092806589,0.016879406,0.42582965367661163,0.020063601,14.398682,14.804621,13.808031,0.99658966,1.0588704,1.2242161,1.5160717,,39.93845028150297,31,-0.10278387,-0.04782101,0.09264415,True,0.4598916536766116,0.9404240466049366
458173405905622912,38.34821370983263,57.92310527545211,-0.25842040027743013,0.0481807,-1.0761800839718174,0.049638834,0.17766562819458434,0.057103712,16.49167,17.571844,15.468969,2.1028748,1.1942602,1.3478361,1.3304387,,40.267177812509615,31,-0.15279159,0.0666789,-0.030901743,True,0.21252662819458434,0.9254368937857224
458175158252191488,38.351278101250074,58.02810362868564,-0.3023770546120635,0.025820494,-1.0705659688099005,0.026233574,0.39603711333303676,0.02991462,15.566919,16.166174,14.80502,1.3611536,1.0393193,1.2667309,1.4441215,,40.36232214028572,31,-0.10031369,0.16769405,-0.07091755,True,0.43004111333303674,0.9468532740791993
458133028911412736,38.60952290523946,57.994919305369386,-0.33676532556114913,0.09350192,-1.0110800543548104,0.0872761,0.5219637114288697,0.11014425,17.92971,18.816946,17.020279,1.7966671,1.0343287,1.293025,1.3720918,,40.27615982368906,31,-0.07249948,0.23306197,-0.0010571469,True,0.5493747114288696,0.9025585447871911
458172340753794944,38.13689479087725,57.86962603664061,-0.26677956038975903,0.043206114,-1.0981171809515697,0.04960983,0.35188872790768794,0.05472568,16.529541,17.162241,15.753913,1.408328,1.0615287,1.2648684,1.4335238,,40.264367065737886,31,-0.17997344,0.07030827,-0.13857558,True,0.38123172790768795,0.9374345113201731
458129013123580160,38.77117229926293,57.95442975829895,-0.2733219193402965,0.05731611,-1.1709306859207755,0.05603529,0.4346222614962926,0.06631548,17.098005,17.78019,16.298729,1.4814606,0.99322003,1.2657627,1.4183398,,40.20430466524314,31,-0.030280778,0.22970429,0.022442816,True,0.46466926149629256,0.9046989509464871
458109324994146304,39.08899231696737,57.60867850875138,-0.2673579845543899,0.056838028,-1.0727959348611753,0.055726714,0.39823504616847455,0.068778574,17.147217,17.888893,16.2984,1.5904922,1.0252612,1.2861617,1.4039016,,39.819570446303906,31,-0.06607915,0.028070865,0.013290592,True,0.42879204616847455,0.9364705494759027
458106748013777152,38.73034276581817,57.634135633202355,-0.26060541685918176,0.01801258,-1.1028040555845422,0.019030284,0.3770670826072898,0.02323561,14.662798,15.068039,14.070723,0.99731636,1.0438275,1.2254891,1.5160252,,39.920321498495596,31,-0.1548769,0.012091586,0.052696742,True,0.4109630826072898,0.9502908580594566
458132792694800384,38.53215995262413,57.98624529571398,-0.22236207039631095,0.0369618,-1.0270690003285023,0.03453452,0.38993809884183384,0.0389781,16.164701,16.735733,15.4279995,1.3077335,1.0452677,1.2582507,1.4534994,,40.284956060529495,31,-0.105861776,0.14313515,0.0051826118,True,0.41875409884183384,0.9411611016547282
458133033212948352,38.61483200832872,57.99652428711707,-0.25062741938133226,0.04699674,-0.9409109946140863,0.045085408,0.33535446873880503,0.053788614,16.625257,17.221556,15.8831625,1.3383932,1.097776,1.252522,1.4454077,,40.276479267345074,31,-0.09089262,0.16825384,-0.01948801,True,0.36452746873880504,0.9464397464314854
458111317858920448,39.00653394330518,57.72849766658766,-0.22981918212913316,0.02435492,-1.0496664494247572,0.024281127,0.4151406456732492,0.029393943,15.21103,15.665172,14.558576,1.106596,1.0936432,1.2450265,1.4955002,,39.9470048290856,31,-0.0340035,0.056257956,0.07567303,True,0.4488716456732492,0.9476217551885351
458179796817379200,38.48500140899815,58.008354760778715,-0.3107864271166605,0.0541117,-1.0656698242169724,0.050323322,0.27617532822639124,0.05889019,16.992462,17.77495,16.127117,1.6478329,1.0615503,1.2867627,1.393854,,40.315340329630175,31,-0.09791602,0.10484683,0.0015662089,True,0.3069943282263912,0.9218350645009296
458123171961868032,38.46675805969261,57.77345064322632,-0.25192045809621316,0.043550137,-1.1478161511445248,0.041892044,0.35404082001330694,0.049554683,16.489061,17.099703,15.646113,1.4535894,1.02425,1.3281873,,1.4247222,40.104807303602236,95,-0.10323839,0.1603434,0.055967275,True,0.38436182001330693,0.9198828997179141
458121282182578944,38.72162590402346,57.79528921828449,-0.21102890074846636,0.049691115,-1.1286440204077208,0.04846179,0.38611708212075774,0.05994627,16.834862,17.56278,15.996443,1.5663376,1.0174019,1.2820677,1.4051057,,40.06954790440105,31,-0.041790508,0.21385798,-0.009638707,True,0.41642908212075774,0.9007818436711933
458120869865750272,38.73303283854776,57.741760200994435,-0.25021853552139334,0.0168182,-1.0978333879758257,0.016948812,0.43144266267815007,0.019847639,14.606306,14.972892,14.040715,0.9321766,1.0927505,1.2260877,1.5308005,,40.018147716391134,31,-0.03351764,0.061020695,0.028178455,True,0.46522466267815005,0.9511640602425099
458110974261549056,39.053090111976964,57.69571380166014,-0.32974025727194156,0.033797678,-1.0444881450386763,0.034828432,0.5155105093598111,0.040426813,15.98478,16.469292,15.2705345,1.1987572,1.1078329,1.2768202,1.4727501,,39.90697941404909,31,-0.027403133,0.019474804,-0.022954045,True,0.5470125093598112,0.930598617089053
458173062308225024,38.24585851896459,57.95435611958956,-0.3023271835554074,0.06247773,-1.0216635595743653,0.06589491,0.3255608351120978,0.07386116,17.267303,18.158085,16.318928,1.8391571,1.0315064,1.3275037,1.364337,,40.317928640317575,31,-0.027521214,0.24119897,-0.045767177,True,0.35808783511209785,0.9297751613891949
458175295691281920,38.11994952222362,57.89229442586081,-0.3074059377254513,0.029506983,-1.1063966143771498,0.033432722,0.4251373009425279,0.035849467,15.7823105,16.286776,15.105671,1.1811047,1.0657868,1.2407014,1.4753588,,40.288736298894314,31,-0.18615977,0.109591775,-0.10878466,True,0.4586503009425279,0.9353093407433752
458119735994411904,38.47123574742993,57.72194656006795,-0.3267104770775914,0.029332664,-1.0558594237386572,0.029969152,0.43564616934176037,0.033805285,15.741893,16.20285,15.1079035,1.0949469,1.0482155,1.229094,1.4932712,,40.056790207164134,31,-0.06136878,0.058999218,0.04737198,True,0.46905216934176036,0.9317730235941651
458177288556012160,38.03807709967064,58.02161533252954,-0.34263088012971843,0.047773182,-1.0676265225556167,0.057804134,0.38449050993703215,0.060682844,16.684336,17.399836,15.843185,1.5566502,1.0458246,1.2886288,1.4078021,,40.424484306171095,31,-0.098173864,0.27659264,-0.22870961,True,0.41458350993703214,0.9029731851089782
458123373825319168,38.455404414266155,57.77011863679479,-0.21921240478171877,0.009835189,-1.0409964529368416,0.010018,0.4323161712075169,0.011423175,12.645812,12.929538,12.1928835,0.7366543,0.9446696,1.197271,1.5778192,,40.10422973470715,31,-0.12406527,0.030361105,0.056955293,True,0.4556611712075169,0.9426967916527693
458122244255250944,38.63154218077073,57.81114404650399,-0.250131163384567,0.0314164,-0.9333351947531523,0.03165082,0.36108323710027096,0.037265502,16.021107,16.570646,15.309047,1.2615995,1.0180194,1.2482011,1.4609787,,40.10352055574019,31,-0.048472445,0.13650772,0.040123694,True,0.39176923710027095,0.9553625432174059
458131830622134656,38.62819141568282,57.9648060072283,-0.2339157094472351,0.013897075,-1.0810332467346346,0.013735346,0.39774309644765027,0.015825985,14.012873,14.372629,13.468625,0.9040041,1.065821,1.2155571,1.5392418,,40.244625783558305,31,-0.06952456,0.17345144,0.016699143,True,0.43181309644765026,0.9466339338259656
458132208579251200,38.638221168215885,57.96946147874473,-0.2224502160101944,0.02709635,-0.855381612438052,0.026568787,0.3892414568037877,0.030558825,15.624684,16.144695,14.929901,1.2147942,1.0438334,1.2474515,1.4701189,,40.246712356610416,31,-0.042606134,0.1897224,0.011528961,True,0.4229124568037877,0.9362830528833382
458133101932412800,38.65407839550967,58.002046781874164,-0.3014847843299205,0.060338058,-0.9760092809854162,0.05683669,0.4662975918349143,0.066229716,17.07582,17.933975,16.163258,1.7707176,1.0628905,1.3045324,1.3742287,,40.27305286760875,31,-0.038455382,0.16844484,0.069724396,True,0.49812159183491433,0.9422285220285277
458171447400598400,38.32628976938355,57.84431221246814,-0.22515248173777952,0.04633749,-0.951766623233822,0.04736836,0.40098344227805505,0.05377613,16.71865,17.448576,15.876701,1.5718746,0.99779505,1.2843486,1.4069208,,40.20002931059621,31,-0.18682925,0.03505242,-0.027757242,True,0.43115044227805505,0.9421000703322706
458175226971655040,38.32624185529816,58.042956223146305,-0.2988443715561868,0.013839638,-1.118101450379601,0.014229544,0.4056292166961745,0.01598478,14.086517,14.585967,13.408325,1.1776419,1.005287,1.243934,1.4809228,,40.38129999437193,31,-0.075543955,0.1464395,-0.059638306,True,0.43997621669617454,0.941856927451422
458175364410749824,38.1031866859904,57.90641225241511,-0.27911645129645973,0.070055045,-1.1108375976817069,0.074405886,0.454433136575385,0.08454159,17.409863,18.243462,16.519636,1.7238255,1.0002334,1.2921919,1.3745424,,40.30526610218702,31,-0.22994573,0.20181443,-0.12796897,True,0.48644713657538496,0.9186488350749225
